repeat,step,material_system,composition,anneal_T_C,actual_overpotential_V,actual_molar_change,hypervolume,n_remaining
1,1,Ge-In-Zr-O,"{""Ge"": 0.5072612489463724, ""In"": 0.17343936053771783, ""Zr"": 0.3192993905159098}",550,1.067717,0.277571,1.74329,2287
1,2,Co-Ni-Pd-O,"{""Co"": 0.840226439001322, ""Ni"": 0.010896857931401585, ""Pd"": 0.1488767030672764}",0,0.589133,0.379215,2.513906,2286
1,3,Bi-Co-Mo-O,"{'Bi': 0.19797, 'Mo': 0.11217, 'Co': 0.68985}",550,0.608264,0.369926,2.514951,2285
1,4,Mn-Nb-Sb-O,"{""Mn"": 0.15453363653774718, ""Nb"": 0.8381715987443394, ""Sb"": 0.0072947647179132935}",0,1.560242,0.050813,2.514951,2284
1,5,Al-Cu-Mo-O,"{'Al': 0.13294, 'Cu': 0.53058, 'Mo': 0.33648}",550,1.003899,0.21104,2.514951,2283
1,6,Al-Ni-Ti-O,"{'Ni': 0.14177, 'Al': 0.35122, 'Ti': 0.50701}",550,1.052633,0.0571,2.514951,2282
1,7,Co-Ni-Zr-O,"{""Co"": 0.32851590249346496, ""Ni"": 0.5178860042379027, ""Zr"": 0.15359809326863239}",550,0.67677,0.311181,2.518214,2281
1,8,Co-Mn-Sn-O,"{""Co"": 0.16173828038016613, ""Mn"": 0.8382617196198339, ""Sn"": 0.0}",0,0.696149,0.27676,2.519999,2280
1,9,Al-Bi-Co-O,"{'Al': 0.02324, 'Co': 0.91523, 'Bi': 0.06152}",700,10.661832,-0.002967,2.519999,2279
1,10,In-Mn-Pd-O,"{""In"": 0.11262280234658081, ""Mn"": 0.4597804111391463, ""Pd"": 0.42759678651427285}",550,0.558834,0.096854,2.743946,2278
1,11,Co-Sb-Zr-O,"{""Co"": 0.058990184681451445, ""Sb"": 0.008531209007738575, ""Zr"": 0.9324786063108099}",550,1.521607,-0.022764,2.743946,2277
1,12,Co-In-Si-O,"{""Co"": 0.5408359955497412, ""In"": 0.45916400445025896}",550,6.727427,0.009152,2.743946,2276
1,13,Ag-Ge-Hf-O,"{""Ag"": 0.5587704343720684, ""Ge"": 0.2622599320344819, ""Hf"": 0.1789696335934497}",0,1.014928,0.450868,2.743946,2275
1,14,Co-Ni-Zr-O,"{""Co"": 0.11154674777025908, ""Ni"": 0.09362200458354757, ""Zr"": 0.7948312476461933}",550,0.990612,0.071299,2.743946,2274
1,15,Al-Bi-Co-O,"{'Al': 0.24956, 'Co': 0.15581, 'Bi': 0.59463}",550,10.703215,-0.036752,2.743946,2273
1,16,Co-In-Si-O,"{""Co"": 0.7393988712456442, ""In"": 0.26060112875435576}",0,6.657004,0.007463,2.743946,2272
1,17,Co-Mn-W-O,"{'Co': 0.04509209214821983, 'W': 0.9373473630171487, 'Mn': 0.017560544834631448}",550,1.156979,-0.066078,2.743946,2271
1,18,Co-Mo-Pd-O,"{""Co"": 0.09233673184010917, ""Mo"": 0.7903639172516352, ""Pd"": 0.11729935090825562}",0,0.961361,0.648597,2.743946,2270
1,19,Co-Nb-Sn-O,"{'Co': 0.93201, 'Nb': 0.03814, 'Sn': 0.02985}",550,0.689592,-0.035631,2.752014,2269
1,20,Al-Cu-Mo-O,"{'Al': 0.805, 'Cu': 0.14649, 'Mo': 0.04851}",550,1.077809,0.045591,2.752014,2268
1,21,Co-Sb-Zr-O,"{""Co"": 0.43780036501604824, ""Sb"": 0.44270093390999943, ""Zr"": 0.11949870107395237}",550,1.504044,-0.00215,2.752014,2267
1,22,Bi-Co-Mo-O,"{'Bi': 0.92991, 'Mo': 0.01548, 'Co': 0.05461}",0,10.734422,1.209891,2.752014,2266
1,23,Bi-Co-Sb-O,"{'Sb': 0.19317, 'Bi': 0.38169, 'Co': 0.42514}",0,0.95465,0.371006,2.752014,2265
1,24,Ag-Nb-Ni-O,"{""Ag"": 0.8623499636577189, ""Nb"": 0.04172184056655632, ""Ni"": 0.09592819577572473}",550,1.266063,0.971529,2.752014,2264
1,25,Co-Ni-Zr-O,"{""Co"": 0.4568884367917565, ""Ni"": 0.19992631002143835, ""Zr"": 0.34318525318680515}",0,0.592815,0.447263,2.752014,2263
1,26,Co-Nb-Zr-O,"{""Co"": 0.8593239793489539, ""Nb"": 0.04272475548422236, ""Zr"": 0.09795126516682379}",550,0.626091,0.062305,2.754208,2262
1,27,Mn-Pd-Zn-O,"{""Mn"": 0.0361211644589684, ""Pd"": 0.9294179146764211, ""Zn"": 0.034460920864610466}",550,0.575991,0.019029,2.760855,2261
1,28,Bi-Ni-Zr-O,"{""Bi"": 0.828749864810464, ""Ni"": 0.10209702058050829, ""Zr"": 0.06915311460902779}",0,0.946109,1.122578,2.760855,2260
1,29,Co-Nb-Sn-O,"{'Co': 0.27454386718136153, 'Nb': 0.5495562083960752, 'Sn': 0.17589992442256341}",700,0.98162,-0.059267,2.760938,2259
1,30,In-Mn-Pd-O,"{""In"": 0.2751377635220254, ""Mn"": 0.15466258695960994, ""Pd"": 0.5701996495183647}",550,0.74366,0.086365,2.760938,2258
1,31,Co-Nb-Sn-O,"{'Co': 0.57431, 'Nb': 0.31877, 'Sn': 0.10692}",700,0.999811,-0.046009,2.760938,2257
1,32,Mn-Pd-Zn-O,"{""Mn"": 0.05641840501494038, ""Pd"": 0.3288560546278727, ""Zn"": 0.614725540357187}",550,0.591823,0.544183,2.760938,2256
1,33,Co-Mn-Nb-O,"{""Co"": 0.45743165710405725, ""Mn"": 0.5041132737228817, ""Nb"": 0.03845506917306099}",550,0.831702,0.181098,2.760938,2255
1,34,Al-Ni-Ti-O,"{'Ni': 0.59332, 'Al': 0.21623, 'Ti': 0.19045}",550,0.892795,0.198203,2.760938,2254
1,35,Cr-Sb-V-O,"{""Cr"": 0.22061323423895102, ""Sb"": 0.04019211808474217, ""V"": 0.7391946476763068}",0,1.020448,0.342635,2.760938,2253
1,36,Cr-Sb-V-O,"{""Cr"": 0.23442180252334482, ""Sb"": 0.5872735051974026, ""V"": 0.17830469227925258}",550,0.993982,0.050086,2.760938,2252
1,37,Fe-Ni-Ta-O,"{""Fe"": 0.27249421367111226, ""Ni"": 0.12986159381992735, ""Ta"": 0.5976441925089604}",400,1.118643,0.015632,2.760938,2251
1,38,Mn-Nb-Zn-O,"{'Mn': 0.02301053404905988, 'Nb': 0.7888124026377109, 'Zn': 0.18817706331322925}",550,1.515468,-0.004341,2.760938,2250
1,39,Fe-Sb-W-O,"{""Fe"": 0.8215729162128268, ""Sb"": 0.004602128377021712, ""W"": 0.17382495541015155}",550,1.029806,0.01267,2.760938,2249
1,40,Al-Bi-Co-O,"{'Al': 0.11973, 'Co': 0.69697, 'Bi': 0.1833}",550,0.812904,0.126515,2.760938,2248
1,41,Al-Cu-Mo-O,"{'Al': 0.22305, 'Cu': 0.50511, 'Mo': 0.27183}",700,0.984923,0.019498,2.760938,2247
1,42,Bi-Co-Mo-O,"{'Bi': 0.84156, 'Mo': 0.02762, 'Co': 0.13082}",0,1.051585,1.440223,2.760938,2246
1,43,Co-Mn-Ti-O,"{'Co': 0.78039, 'Mn': 0.03562, 'Ti': 0.18398}",700,0.744653,0.084861,2.760938,2245
1,44,Ag-Ge-Hf-O,"{""Ag"": 0.6220274553181959, ""Ge"": 0.2924656100630363, ""Hf"": 0.08550693461876764}",550,0.811933,0.36574,2.760938,2244
1,45,Fe-Sb-W-O,"{""Fe"": 0.9714242027201236, ""Sb"": 0.028575797279876386, ""W"": 0.0}",550,0.969932,0.011978,2.760938,2243
1,46,Fe-Sb-W-O,"{'Sb': 0.00835568299528857, 'W': 0.7434903339372888, 'Fe': 0.24815398306742253}",0,0.961702,0.106154,2.760938,2242
1,47,Co-Nb-Sn-O,"{'Co': 0.81861, 'Nb': 0.12534, 'Sn': 0.05605}",700,0.707959,-0.032837,2.760938,2241
1,48,Mn-Nb-Sb-O,"{""Mn"": 0.1313915211994924, ""Nb"": 0.8409353212340209, ""Sb"": 0.02767315756648663}",550,1.782132,-0.014696,2.760938,2240
1,49,Bi-Co-Mo-O,"{'Bi': 0.54214, 'Mo': 0.09294, 'Co': 0.36491}",0,1.101378,0.773214,2.760938,2239
1,50,Co-Hf-Zr-O,"{""Co"": 0.4439410441800648, ""Hf"": 0.121819320578055, ""Zr"": 0.43423963524188025}",550,0.856331,0.093633,2.760938,2238
2,1,Co-Nb-Sn-O,"{'Co': 0.86909, 'Nb': 0.10602, 'Sn': 0.02489}",550,0.68027,-0.025632,2.00742,2287
2,2,Co-In-Zr-O,"{""Co"": 0.09305840112635345, ""In"": 0.19505153033047448, ""Zr"": 0.711890068543172}",550,1.063246,0.045768,2.00742,2286
2,3,Ag-Ge-Hf-O,"{""Ag"": 0.2168099905780382, ""Ge"": 0.6419433803476877, ""Hf"": 0.1412466290742741}",550,0.926503,0.432808,2.00742,2285
2,4,Ag-Nb-Ni-O,"{""Ag"": 0.775445937558044, ""Nb"": 0.15176543615430063, ""Ni"": 0.07278862628765538}",550,0.974952,0.537266,2.00742,2284
2,5,Fe-In-Ni-O,"{""Fe"": 0.06366226666145675, ""In"": 0.5857319676028221, ""Ni"": 0.3506057657357212}",500,0.997814,0.602671,2.00742,2283
2,6,Ag-Ge-Hf-O,"{""Ag"": 0.89728148964178, ""Ge"": 0.036587121797811685, ""Hf"": 0.06613138856040833}",550,1.00083,0.669601,2.00742,2282
2,7,Co-In-Zr-O,"{""Co"": 0.044826088960019495, ""In"": 0.07088445829450496, ""Zr"": 0.8842894527454755}",550,1.2382,0.021601,2.00742,2281
2,8,Co-Mn-Mo-O,"{'Mn': 0.11284, 'Co': 0.12717, 'Mo': 0.75998}",550,1.027889,0.032318,2.00742,2280
2,9,Co-Nb-Zr-O,"{""Co"": 0.8777554733551486, ""Nb"": 0.0045708764337756835, ""Zr"": 0.11767365021107572}",0,0.583794,0.373082,2.572744,2279
2,10,Co-Mn-Zr-O,"{""Co"": 0.6306605659000143, ""Mn"": 0.30634279517932134, ""Zr"": 0.06299663892066441}",550,0.793098,0.001786,2.572744,2278
2,11,Co-In-Si-O,"{""Co"": 0.368458171964495, ""In"": 0.6315418280355051}",550,0.988909,0.129679,2.572744,2277
2,12,Co-Ni-Pd-O,"{""Co"": 0.28919668837972684, ""Ni"": 0.22927812510082102, ""Pd"": 0.48152518651945214}",0,0.699492,0.158953,2.572744,2276
2,13,Ag-Ge-Hf-O,"{""Ag"": 0.18966861481461966, ""Ge"": 0.2856433682017199, ""Hf"": 0.5246880169836604}",550,1.229883,0.062237,2.572744,2275
2,14,Co-Nb-Sn-O,"{'Co': 0.7112304451831268, 'Nb': 0.21680853383548435, 'Sn': 0.0719610209813888}",700,0.703028,-0.024405,2.572744,2274
2,15,Co-In-Si-O,"{""Co"": 0.13047479003887047, ""In"": 0.8695252099611296}",550,0.979049,0.304859,2.572744,2273
2,16,Co-Mn-W-O,"{'Co': 0.9057325570485657, 'W': 0.06597036249739363, 'Mn': 0.028297080454040575}",0,0.58308,0.33214,2.580911,2272
2,17,Mn-Pd-Zn-O,"{""Mn"": 0.026761684832843677, ""Pd"": 0.16948892449128314, ""Zn"": 0.8037493906758731}",550,0.907279,1.239164,2.580911,2271
2,18,Ag-Ni-Sb-O,"{'Sb': 0.00613, 'Ni': 0.02755, 'Ag': 0.96632}",0,0.924153,2.241688,2.580911,2270
2,19,Ni-Pd-Ta-O,"{""Ni"": 0.35462782844477203, ""Pd"": 0.30538205132237606, ""Ta"": 0.33999012023285197}",550,0.887275,0.016514,2.580911,2269
2,20,Co-Fe-Zr-O,"{""Co"": 0.09695862167309581, ""Fe"": 0.059148686732171885, ""Zr"": 0.8438926915947322}",550,1.532262,0.047872,2.580911,2268
2,21,Ag-Ni-Sb-O,"{'Sb': 0.02072, 'Ni': 0.24644, 'Ag': 0.73284}",0,1.003083,1.090429,2.580911,2267
2,22,Fe-In-Ni-O,"{""Fe"": 0.2518423812701056, ""In"": 0.3415188454504711, ""Ni"": 0.4066387732794234}",500,1.013452,0.360095,2.580911,2266
2,23,Co-In-Si-O,"{""Co"": 0.45337134581899435, ""In"": 0.5466286541810056}",550,5.603892,0.002481,2.580911,2265
2,24,Al-Cu-Mo-O,"{'Al': 0.13465, 'Cu': 0.60029, 'Mo': 0.26507}",550,0.930994,0.13738,2.580911,2264
2,25,Co-In-Zr-O,"{""Co"": 0.42023153090723614, ""In"": 0.48158654336902107, ""Zr"": 0.09818192572374274}",550,0.667736,0.205127,2.582503,2263
2,26,Ag-Nb-Ni-O,"{""Ag"": 0.4670287413656379, ""Nb"": 0.022546410862005754, ""Ni"": 0.5104248477723563}",550,0.711607,0.420491,2.582503,2262
2,27,Ni-Sb-W-O,"{""Ni"": 0.21102107389977598, ""Sb"": 0.014860006377064854, ""W"": 0.7741189197231593}",550,0.89509,1.709591,2.582503,2261
2,28,Ge-In-Zr-O,"{""Ge"": 0.9118744907653304, ""In"": 0.05455556679187447, ""Zr"": 0.03356994244279508}",0,1.001109,1.107775,2.582503,2260
2,29,Ni-Pd-Ta-O,"{""Ni"": 0.06497016675708737, ""Pd"": 0.889758224718729, ""Ta"": 0.045271608524183535}",550,0.647123,0.004436,2.591773,2259
2,30,Co-Mn-Ti-O,"{'Co': 0.73931, 'Mn': 0.03869, 'Ti': 0.22201}",700,0.758984,0.029,2.591773,2258
2,31,Mn-Pd-Zn-O,"{""Mn"": 0.03564564661632152, ""Pd"": 0.669120315294314, ""Zn"": 0.29523403808936444}",550,0.572157,0.212182,2.665217,2257
2,32,Co-Mn-W-O,"{'Co': 0.19229913941387053, 'W': 0.2624887617316374, 'Mn': 0.5452120988544921}",550,0.728681,0.193794,2.665217,2256
2,33,Ag-Ni-Sb-O,"{'Sb': 0.03919, 'Ni': 0.43603, 'Ag': 0.52478}",0,0.928008,0.766482,2.665217,2255
2,34,Bi-Co-Sb-O,"{'Sb': 0.3662, 'Bi': 0.44905, 'Co': 0.18475}",550,0.933227,0.163631,2.665217,2254
2,35,Mn-Nb-Zn-O,"{'Mn': 0.10305137710405644, 'Nb': 0.792207357769105, 'Zn': 0.10474126512683843}",700,1.133488,0.016553,2.665217,2253
2,36,Mn-Ni-Pd-O,"{""Mn"": 0.11736376963788844, ""Ni"": 0.0905246155730535, ""Pd"": 0.792111614789058}",550,0.622796,-0.009966,2.671098,2252
2,37,Bi-Ni-Zr-O,"{""Bi"": 0.26033860733911884, ""Ni"": 0.020396274084888363, ""Zr"": 0.7192651185759927}",550,1.296392,0.112824,2.671098,2251
2,38,Al-Bi-Co-O,"{'Al': 0.28245, 'Co': 0.49571, 'Bi': 0.22184}",550,10.664156,-0.033816,2.671098,2250
2,39,Co-Nb-Zr-O,"{""Co"": 0.05118157860047254, ""Nb"": 0.001351481796014952, ""Zr"": 0.9474669396035126}",550,1.551687,0.00027,2.671098,2249
2,40,Bi-Co-Sb-O,"{'Sb': 0.00659, 'Bi': 0.84361, 'Co': 0.1498}",0,0.974238,1.072492,2.671098,2248
2,41,Mn-Ni-Pd-O,"{""Mn"": 0.15088040739473965, ""Ni"": 0.5843630499831977, ""Pd"": 0.2647565426220628}",550,0.704258,0.390578,2.671098,2247
2,42,Fe-Sb-W-O,"{""Fe"": 0.009222159916872058, ""Sb"": 0.000262439262189683, ""W"": 0.9905154008209381}",550,1.221994,-0.125498,2.671098,2246
2,43,Co-Ni-Pd-O,"{""Co"": 0.25596020863164903, ""Ni"": 0.12306368372571383, ""Pd"": 0.6209761076426372}",550,1.063339,0.011207,2.671098,2245
2,44,Fe-Sb-W-O,"{""Fe"": 0.053281706630836645, ""Sb"": 0.0030477721923588526, ""W"": 0.9436705211768045}",550,1.027596,-0.024967,2.671098,2244
2,45,Mn-Nb-Sb-O,"{""Mn"": 0.23317366460647437, ""Nb"": 0.7641657475114446, ""Sb"": 0.0026605878820810855}",550,1.785186,-0.011042,2.671098,2243
2,46,Bi-Co-Mo-O,"{'Bi': 0.94536, 'Mo': 0.00784, 'Co': 0.0468}",0,10.740128,0.885749,2.671098,2242
2,47,Co-Mn-Ti-O,"{'Co': 0.14131, 'Mn': 0.07579, 'Ti': 0.7829}",700,1.125945,-0.046579,2.671098,2241
2,48,Co-Mn-Mo-O,"{'Mn': 0.81403, 'Co': 0.13716, 'Mo': 0.04882}",550,0.737542,0.1337,2.671098,2240
2,49,Ag-Nb-Ni-O,"{""Ag"": 0.9403802488116261, ""Nb"": 0.038131939519599756, ""Ni"": 0.021487811668774136}",550,0.879522,1.466686,2.671098,2239
2,50,Co-Ni-Zr-O,"{""Co"": 0.13082643079600653, ""Ni"": 0.805903334786591, ""Zr"": 0.06327023441740245}",550,0.707838,0.662611,2.671098,2238
3,1,Co-Mn-Ti-O,"{'Co': 0.59538, 'Mn': 0.27372, 'Ti': 0.1309}",550,0.871155,0.005378,1.74329,2287
3,2,Co-Ni-Ta-O,"{""Co"": 0.7143254991620068, ""Ni"": 0.2175455842677984, ""Ta"": 0.06812891657019467}",550,0.701854,0.132465,1.864652,2286
3,3,Bi-Co-Mo-O,"{'Bi': 0.19516, 'Mo': 0.53346, 'Co': 0.27139}",550,0.916048,0.425133,1.864652,2285
3,4,Bi-Ni-Zr-O,"{""Bi"": 0.828749864810464, ""Ni"": 0.10209702058050829, ""Zr"": 0.06915311460902779}",0,0.946109,1.122578,1.864652,2284
3,5,Ni-Sb-W-O,"{""Ni"": 0.07430124718076857, ""Sb"": 0.00438110666535326, ""W"": 0.9213176461538781}",550,8.474485,0.000159,1.864652,2283
3,6,Mn-Nb-Zn-O,"{'Mn': 0.15764805833201176, 'Nb': 0.7334537888496024, 'Zn': 0.10889815281838576}",550,0.99196,0.011411,1.864652,2282
3,7,Co-Mo-Pd-O,"{""Co"": 0.5015104722829535, ""Mo"": 0.17210327669887596, ""Pd"": 0.3263862510181704}",550,0.702008,0.185002,1.864652,2281
3,8,Bi-Ni-Zr-O,"{""Bi"": 0.9233644976601667, ""Ni"": 0.025172299151261148, ""Zr"": 0.05146320318857218}",550,10.698896,1.690803,1.864652,2280
3,9,Ni-Pd-Ta-O,"{""Ni"": 0.3720811057579513, ""Pd"": 0.21127685772912885, ""Ta"": 0.4166420365129198}",550,1.138366,0.063151,1.864652,2279
3,10,Mn-Nb-Zn-O,"{'Mn': 0.15490147151663597, 'Nb': 0.7207635399887081, 'Zn': 0.12433498849465592}",550,0.886541,0.010715,1.864652,2278
3,11,Ge-In-Zr-O,"{""Ge"": 0.06261642299303449, ""In"": 0.02869791031683508, ""Zr"": 0.9086856666901304}",550,1.54482,0.00971,1.864652,2277
3,12,Co-Mn-Ti-O,"{'Co': 0.58212, 'Mn': 0.04626, 'Ti': 0.37162}",550,0.799692,0.041117,1.864652,2276
3,13,Mn-Nb-Zn-O,"{'Mn': 0.046727032955873896, 'Nb': 0.79310109841789, 'Zn': 0.16017186862623609}",700,1.689628,0.004829,1.864652,2275
3,14,Bi-Co-Sb-O,"{'Sb': 0.18552, 'Bi': 0.72651, 'Co': 0.08797}",550,0.949745,0.123683,1.864652,2274
3,15,Co-Ni-Pd-O,"{""Co"": 0.07293261412576602, ""Ni"": 0.005519208234546387, ""Pd"": 0.9215481776396875}",550,1.041098,0.010934,1.864652,2273
3,16,Co-Sb-Zr-O,"{""Co"": 0.1042846952403609, ""Sb"": 0.008827747361584603, ""Zr"": 0.8868875573980544}",550,1.326697,0.036265,1.864652,2272
3,17,Bi-Co-Sb-O,"{'Sb': 0.00895, 'Bi': 0.85692, 'Co': 0.13413}",0,0.994755,1.094073,1.864652,2271
3,18,Ni-Sb-W-O,"{""Ni"": 0.18677572652769497, ""Sb"": 0.3300330720595656, ""W"": 0.4831912014127395}",550,1.192292,0.010524,1.864652,2270
3,19,In-Mn-Pd-O,"{""In"": 0.0793189636274222, ""Mn"": 0.0902428723717034, ""Pd"": 0.8304381640008743}",550,0.55272,-0.029337,2.80642,2269
3,20,Ge-In-Zr-O,"{""Ge"": 0.1967155683499317, ""In"": 0.037804538707849375, ""Zr"": 0.7654798929422189}",550,1.566082,0.036289,2.80642,2268
3,21,Co-Fe-Zr-O,"{""Co"": 0.8188650241128057, ""Fe"": 0.08201795716851885, ""Zr"": 0.09911701871867538}",550,0.624498,0.073694,2.80642,2267
3,22,Ag-Ge-Hf-O,"{""Ag"": 0.1326597055340443, ""Ge"": 0.03521339227440009, ""Hf"": 0.8321269021915556}",0,7.493741,0.085137,2.80642,2266
3,23,Fe-In-Ni-O,"{""Fe"": 0.07114676215677611, ""In"": 0.8328691256487428, ""Ni"": 0.09598411219448108}",500,0.97101,0.128251,2.80642,2265
3,24,Al-Cu-Mo-O,"{'Al': 0.8995177831875318, 'Cu': 0.06147489569739311, 'Mo': 0.03900732111507511}",700,1.198826,0.000447,2.80642,2264
3,25,Bi-Co-Sb-O,"{'Sb': 0.27448, 'Bi': 0.37582, 'Co': 0.34971}",0,0.969425,0.363136,2.80642,2263
3,26,Co-Mn-W-O,"{'Co': 0.05807823681989232, 'W': 0.8976125296043421, 'Mn': 0.04430923357576556}",550,1.001365,0.118525,2.80642,2262
3,27,Al-Bi-Co-O,"{'Al': 0.45238, 'Co': 0.28478, 'Bi': 0.26283}",550,1.522167,-0.001654,2.80642,2261
3,28,Co-In-Zr-O,"{""Co"": 0.3288278121957796, ""In"": 0.6354045142135549, ""Zr"": 0.035767673590665405}",550,0.680259,0.294628,2.80642,2260
3,29,Co-In-Si-O,"{""Co"": 0.8666283335959492, ""In"": 0.13337166640405085}",550,0.782023,-0.031681,2.80642,2259
3,30,Bi-Co-Sb-O,"{'Sb': 0.30162, 'Bi': 0.20503, 'Co': 0.49335}",0,0.967049,0.249846,2.80642,2258
3,31,Nb-Ni-Ta-O,"{""Nb"": 0.02950777458685424, ""Ni"": 0.09242454383035038, ""Ta"": 0.8780676815827954}",550,5.533028,-0.061549,2.80642,2257
3,32,Ag-Ge-Hf-O,"{""Ag"": 0.5360353024508191, ""Ge"": 0.37757741871071343, ""Hf"": 0.0863872788384675}",550,0.827776,0.366686,2.80642,2256
3,33,Ge-In-Zr-O,"{""Ge"": 0.7334778602508686, ""In"": 0.15991703667177326, ""Zr"": 0.1066051030773581}",550,0.971589,0.674295,2.80642,2255
3,34,Mn-Nb-Zn-O,"{'Mn': 0.08972673458137807, 'Nb': 0.7306004507386906, 'Zn': 0.17967281467993132}",700,1.038369,-0.001332,2.80642,2254
3,35,Co-Ni-Ta-O,"{""Co"": 0.29156762889571763, ""Ni"": 0.5914239457931676, ""Ta"": 0.11700842531111474}",550,0.688503,0.332271,2.80642,2253
3,36,Co-Mn-W-O,"{'Co': 0.71982, 'W': 0.20511, 'Mn': 0.07507}",550,0.989779,0.17878,2.80642,2252
3,37,Bi-Co-Sb-O,"{'Sb': 0.0041, 'Bi': 0.94086, 'Co': 0.05504}",0,10.734386,1.123415,2.80642,2251
3,38,Bi-Ni-Zr-O,"{""Bi"": 0.49865176742620987, ""Ni"": 0.04586957317591876, ""Zr"": 0.4554786593978714}",550,1.040472,0.076273,2.80642,2250
3,39,Co-Mn-Nb-O,"{""Co"": 0.45743165710405725, ""Mn"": 0.5041132737228817, ""Nb"": 0.03845506917306099}",550,0.831702,0.181098,2.80642,2249
3,40,Co-Mn-Zr-O,"{""Co"": 0.6426467871931673, ""Mn"": 0.10214030047068694, ""Zr"": 0.25521291233614574}",0,0.596404,0.202973,2.80642,2248
3,41,Ni-Sb-W-O,"{""Ni"": 0.5444883793985208, ""Sb"": 0.4555116206014793, ""W"": 0.0}",0,0.937124,0.309924,2.80642,2247
3,42,Co-Mn-Mo-O,"{'Mn': 0.63881, 'Co': 0.1348, 'Mo': 0.2264}",550,0.753339,0.109792,2.80642,2246
3,43,Al-Cu-Mo-O,"{'Al': 0.10674, 'Cu': 0.42299, 'Mo': 0.47028}",550,0.941847,0.157727,2.80642,2245
3,44,Ge-In-Zr-O,"{""Ge"": 0.14340300425948926, ""In"": 0.2755944352273321, ""Zr"": 0.5810025605131786}",550,1.528471,0.034522,2.80642,2244
3,45,Co-Nb-Zr-O,"{""Co"": 0.09985770245928118, ""Nb"": 0.06747648486277343, ""Zr"": 0.8326658126779455}",550,1.1518,0.009866,2.80642,2243
3,46,Ni-Sb-W-O,"{""Ni"": 0.5476082797872543, ""Sb"": 0.06835025218897156, ""W"": 0.3840414680237741}",0,0.950997,0.707698,2.80642,2242
3,47,Bi-Ni-Zr-O,"{""Bi"": 0.30804352088716475, ""Ni"": 0.6584992317156277, ""Zr"": 0.03345724739720743}",550,0.771335,0.464717,2.80642,2241
3,48,Co-In-Si-O,"{""Co"": 0.36490353468878667, ""In"": 0.6350964653112133}",550,1.149234,0.119882,2.80642,2240
3,49,Mn-Ni-Pd-O,"{""Mn"": 0.15684400430181084, ""Ni"": 0.4002572957658411, ""Pd"": 0.44289869993234804}",0,0.589719,0.404001,2.80642,2239
3,50,Mn-Ni-Pd-O,"{""Mn"": 0.2720670851100272, ""Ni"": 0.4775538571079989, ""Pd"": 0.25037905778197383}",550,0.804763,0.210604,2.80642,2238
4,1,Ag-Ni-Sb-O,"{'Sb': 0.14028, 'Ag': 0.82375, 'Ni': 0.03597}",550,0.821058,0.524219,1.74329,2287
4,2,Al-Cu-Mo-O,"{'Al': 0.60898, 'Cu': 0.04848, 'Mo': 0.34253}",550,1.110475,0.021364,1.74329,2286
4,3,Fe-Sb-W-O,"{'Sb': 0.006458961366988495, 'W': 0.9062709274177916, 'Fe': 0.08727011121521992}",0,0.958612,0.027177,1.74329,2285
4,4,Co-Ni-Pd-O,"{""Co"": 0.20025070770540537, ""Ni"": 0.06361183661091674, ""Pd"": 0.7361374556836779}",550,1.045962,0.002874,1.74329,2284
4,5,Mn-Pd-Zn-O,"{""Mn"": 0.02709404293765664, ""Pd"": 0.038660714490754054, ""Zn"": 0.9342452425715893}",550,0.989068,1.606073,1.74329,2283
4,6,Fe-In-Ni-O,"{""Fe"": 0.06096127048303243, ""In"": 0.9008741059419074, ""Ni"": 0.03816462357506024}",500,1.01599,0.041637,1.74329,2282
4,7,Mn-Nb-Sb-O,"{""Mn"": 0.30037247143072576, ""Nb"": 0.694242230897126, ""Sb"": 0.005385297672148164}",0,1.124897,0.128906,1.74329,2281
4,8,Co-Ni-Zr-O,"{""Co"": 0.3453289705636771, ""Ni"": 0.37711304383337974, ""Zr"": 0.2775579856029431}",550,0.704262,0.167849,1.848327,2280
4,9,Ge-In-Zr-O,"{""Ge"": 0.0798690848864886, ""In"": 0.8737651112926362, ""Zr"": 0.046365803820875115}",0,0.98779,1.128954,1.848327,2279
4,10,Ag-Ni-Sb-O,"{'Sb': 0.32428, 'Ag': 0.37948, 'Ni': 0.29624}",550,0.848921,0.355188,1.848327,2278
4,11,Co-Mn-Ti-O,"{'Co': 0.33084, 'Mn': 0.1365, 'Ti': 0.53266}",550,0.856929,0.011085,1.848327,2277
4,12,Co-Hf-Mn-O,"{""Co"": 0.18353672301178334, ""Hf"": 0.6631902539487206, ""Mn"": 0.1532730230394961}",550,1.086665,0.014008,1.848327,2276
4,13,Al-Bi-Co-O,"{'Al': 0.03748, 'Co': 0.898, 'Bi': 0.06452}",550,0.642786,0.091503,2.229396,2275
4,14,Al-Bi-Co-O,"{'Al': 0.07985, 'Co': 0.75313, 'Bi': 0.16702}",700,0.82805,0.114813,2.229396,2274
4,15,Co-Ni-Ta-O,"{""Co"": 0.31242836979461625, ""Ni"": 0.5250068883580329, ""Ta"": 0.16256474184735095}",0,0.594047,0.462942,2.510619,2273
4,16,Ag-Ni-Sb-O,"{'Sb': 0.01085, 'Ni': 0.67233, 'Ag': 0.31682}",0,0.970854,0.879499,2.510619,2272
4,17,Ag-Ni-Sb-O,"{'Ni': 0.16774, 'Sb': 0.21112, 'Ag': 0.62114}",550,0.872976,0.678401,2.510619,2271
4,18,Mn-Nb-Zn-O,"{'Mn': 0.09260535994590514, 'Nb': 0.7498507455983591, 'Zn': 0.1575438944557358}",700,0.981504,0.000566,2.510619,2270
4,19,Ni-Sb-W-O,"{""Ni"": 0.4655858807373185, ""Sb"": 0.0071687289580577756, ""W"": 0.5272453903046238}",550,0.842348,1.257409,2.510619,2269
4,20,Co-Ni-Zr-O,"{""Co"": 0.23005581358828395, ""Ni"": 0.09360456885072584, ""Zr"": 0.6763396175609901}",550,0.847189,0.044259,2.510619,2268
4,21,In-Mn-Pd-O,"{""In"": 0.07978659119665726, ""Mn"": 0.2369801359400674, ""Pd"": 0.6832332728632754}",550,0.508896,0.028395,3.066903,2267
4,22,Co-Mn-Ti-O,"{'Co': 0.80959, 'Mn': 0.03406, 'Ti': 0.15635}",700,0.730251,0.044257,3.066903,2266
4,23,Ag-Ni-Sb-O,"{'Sb': 0.03919, 'Ni': 0.43603, 'Ag': 0.52478}",0,0.928008,0.766482,3.066903,2265
4,24,Co-Ni-Zr-O,"{""Co"": 0.4068105028724233, ""Ni"": 0.48247110571333374, ""Zr"": 0.11071839141424296}",550,0.660478,0.26421,3.066903,2264
4,25,Ge-In-Zr-O,"{""Ge"": 0.8970973568123429, ""In"": 0.0592672205155426, ""Zr"": 0.04363542267211461}",0,0.996152,0.944476,3.066903,2263
4,26,Co-Mn-Mo-O,"{'Mn': 0.06851, 'Co': 0.17243, 'Mo': 0.75907}",550,0.962907,0.052066,3.066903,2262
4,27,Al-Ni-Ti-O,"{'Ni': 0.14116, 'Al': 0.45157, 'Ti': 0.40727}",550,0.996718,0.021213,3.066903,2261
4,28,Ni-Pd-Ta-O,"{""Ni"": 0.033213002140411854, ""Pd"": 0.8238943840471122, ""Ta"": 0.14289261381247592}",550,0.571994,-0.004912,3.072848,2260
4,29,Bi-Co-Mo-O,"{'Bi': 0.19797, 'Mo': 0.11217, 'Co': 0.68985}",550,0.608264,0.369926,3.072848,2259
4,30,In-Mn-Pd-O,"{""In"": 0.03713790635536924, ""Mn"": 0.015349167470548382, ""Pd"": 0.9475129261740823}",550,0.554892,-0.046614,3.081574,2258
4,31,Al-Cu-Mo-O,"{'Al': 0.17549, 'Cu': 0.04471, 'Mo': 0.7798}",550,0.922653,0.08759,3.081574,2257
4,32,Co-Ni-Ta-O,"{""Co"": 0.3567364255716431, ""Ni"": 0.38869624037937045, ""Ta"": 0.25456733404898657}",550,0.70166,0.151373,3.081574,2256
4,33,Bi-Co-Mo-O,"{'Bi': 0.14096, 'Mo': 0.0393, 'Co': 0.81974}",0,0.53608,0.631533,3.081574,2255
4,34,Al-Ni-Ti-O,"{'Ni': 0.44859, 'Al': 0.10008, 'Ti': 0.45132}",700,0.973775,0.062689,3.081574,2254
4,35,Co-Mo-Pd-O,"{""Co"": 0.2747066617156801, ""Mo"": 0.20563259766094466, ""Pd"": 0.5196607406233753}",550,0.644699,0.189805,3.081574,2253
4,36,Cr-Sb-V-O,"{""Cr"": 0.6052519311913049, ""Sb"": 0.2851284638433104, ""V"": 0.10961960496538474}",550,0.991734,0.271475,3.081574,2252
4,37,Fe-Sb-W-O,"{""Fe"": 0.025318582953347313, ""Sb"": 0.0007584739922267679, ""W"": 0.973922943054426}",550,0.952702,0.139222,3.081574,2251
4,38,Al-Cu-Mo-O,"{'Al': 0.7581332973963021, 'Cu': 0.21608043692607598, 'Mo': 0.02578626567762196}",700,1.096689,0.006701,3.081574,2250
4,39,Co-Mn-W-O,"{'Co': 0.8303114608089125, 'W': 0.09478916513315551, 'Mn': 0.074899374057932}",550,0.6774,0.134967,3.081574,2249
4,40,Al-Bi-Co-O,"{'Al': 0.13626, 'Co': 0.7252, 'Bi': 0.13854}",550,0.746042,0.066825,3.081574,2248
4,41,Co-Mo-Pd-O,"{""Co"": 0.2888806069782085, ""Mo"": 0.11525603943697742, ""Pd"": 0.5958633535848141}",550,0.646107,0.104461,3.081574,2247
4,42,Co-In-Si-O,"{""Co"": 0.5781451274499947, ""In"": 0.4218548725500052}",550,1.752738,0.030364,3.081574,2246
4,43,Co-Fe-Zr-O,"{""Co"": 0.583015454558586, ""Fe"": 0.3259978642023961, ""Zr"": 0.09098668123901785}",550,0.668162,0.102324,3.081574,2245
4,44,Co-Nb-Sn-O,"{'Co': 0.919639414186016, 'Nb': 0.06006078599052431, 'Sn': 0.020299799823459672}",700,0.676616,0.169283,3.081574,2244
4,45,Ni-Pd-Ta-O,"{""Ni"": 0.20213658079295813, ""Pd"": 0.6826394072721103, ""Ta"": 0.11522401193493156}",550,0.567981,-0.008021,3.081574,2243
4,46,Co-Mn-W-O,"{'Co': 0.85259, 'Mn': 0.04254, 'W': 0.10488}",550,0.886175,0.608545,3.081574,2242
4,47,Bi-Co-Mo-O,"{'Bi': 0.87586, 'Mo': 0.0796, 'Co': 0.04454}",550,0.852827,1.468071,3.081574,2241
4,48,Ag-Pb-W-O,"{'Pb': 0.03324, 'W': 0.78916, 'Ag': 0.1776}",0,10.603323,0.543147,3.081574,2240
4,49,Al-Cu-Mo-O,"{'Al': 0.5033441949194526, 'Cu': 0.03005324091807132, 'Mo': 0.466602564162476}",550,1.052004,0.037125,3.081574,2239
4,50,Co-In-Zr-O,"{""Co"": 0.09305840112635345, ""In"": 0.19505153033047448, ""Zr"": 0.711890068543172}",550,1.063246,0.045768,3.081574,2238
5,1,Fe-Sb-W-O,"{""Fe"": 0.8748598996563545, ""Sb"": 0.1251401003436455, ""W"": 0.0}",550,1.039598,0.004397,1.74329,2287
5,2,Co-Hf-Mn-O,"{""Co"": 0.15825645229214383, ""Hf"": 0.18214023588494213, ""Mn"": 0.659603311822914}",0,0.811323,0.162071,1.74329,2286
5,3,Co-Mn-Mo-O,"{'Mn': 0.26557, 'Co': 0.3796, 'Mo': 0.35483}",550,0.733186,0.041826,1.748181,2285
5,4,Co-In-Si-O,"{""Co"": 0.41265182429806424, ""In"": 0.5873481757019358}",550,6.61574,0.005153,1.748181,2284
5,5,Ag-Ni-Sb-O,"{'Sb': 0.00508, 'Ag': 0.76028, 'Ni': 0.23464}",550,0.769641,1.159241,1.748181,2283
5,6,Co-Sb-Zr-O,"{""Co"": 0.14301293739057694, ""Sb"": 0.04005125546024593, ""Zr"": 0.8169358071491771}",550,1.14346,0.0044,1.748181,2282
5,7,In-Mn-Pd-O,"{""In"": 0.019076258686735462, ""Mn"": 0.7665885641674777, ""Pd"": 0.2143351771457868}",550,0.546155,0.205715,2.80234,2281
5,8,Co-Mn-W-O,"{'Co': 0.5592593097801806, 'Mn': 0.04028136795379153, 'W': 0.40045932226602793}",550,1.071153,0.091545,2.80234,2280
5,9,Co-Nb-Sn-O,"{'Co': 0.9408243545349935, 'Nb': 0.03969243468319845, 'Sn': 0.0194832107818081}",550,0.660954,0.025528,2.815638,2279
5,10,Co-Ni-Zr-O,"{""Co"": 0.1376638606129585, ""Ni"": 0.3627979309356787, ""Zr"": 0.4995382084513628}",0,0.782342,0.409808,2.815638,2278
5,11,Al-Bi-Co-O,"{'Al': 0.03748, 'Co': 0.898, 'Bi': 0.06452}",550,0.642786,0.091503,2.817713,2277
5,12,Co-Nb-Zr-O,"{""Co"": 0.11989528830916713, ""Nb"": 0.7971433398082057, ""Zr"": 0.08296137188262713}",550,1.852322,0.023323,2.817713,2276
5,13,Co-Mn-Zr-O,"{""Co"": 0.5593441321143529, ""Mn"": 0.12162723710551458, ""Zr"": 0.31902863078013255}",0,0.66378,0.145637,2.817713,2275
5,14,Ag-Nb-Ni-O,"{""Ag"": 0.4785188711677248, ""Nb"": 0.48652955381979124, ""Ni"": 0.03495157501248397}",550,0.896954,0.147469,2.817713,2274
5,15,Ni-Sb-W-O,"{""Ni"": 0.3748331309674378, ""Sb"": 0.6251668690325622, ""W"": 0.0}",550,0.978143,0.008302,2.817713,2273
5,16,Mn-Nb-Zn-O,"{'Mn': 0.06711550145841354, 'Nb': 0.8100589152396435, 'Zn': 0.12282558330194306}",550,1.602697,0.006166,2.817713,2272
5,17,Bi-Co-Mo-O,"{'Bi': 0.60552, 'Mo': 0.05701, 'Co': 0.33748}",550,0.710973,0.840403,2.817713,2271
5,18,Nb-Ni-Ta-O,"{""Nb"": 0.42576836894227577, ""Ni"": 0.488301579189772, ""Ta"": 0.08593005186795219}",550,1.694471,0.016974,2.817713,2270
5,19,Co-Mn-Ti-O,"{'Co': 0.14052, 'Mn': 0.03769, 'Ti': 0.82179}",550,1.24877,0.027375,2.817713,2269
5,20,Al-Bi-Co-O,"{'Al': 0.07305, 'Co': 0.86282, 'Bi': 0.06413}",700,0.706549,0.04734,2.817713,2268
5,21,Co-Mn-Mo-O,"{'Mn': 0.6974685523763048, 'Co': 0.12446397163500819, 'Mo': 0.17806747598868708}",550,0.754972,0.138129,2.817713,2267
5,22,Al-Bi-Co-O,"{'Al': 0.23053, 'Co': 0.1823, 'Bi': 0.58716}",550,10.664814,0.043818,2.817713,2266
5,23,In-Mn-Pd-O,"{""In"": 0.07801338718013939, ""Mn"": 0.39997167883629875, ""Pd"": 0.5220149339835619}",550,0.543262,0.139143,2.841774,2265
5,24,Co-Mn-Ti-O,"{'Co': 0.26734, 'Mn': 0.10428, 'Ti': 0.62837}",550,1.001023,0.139365,2.841774,2264
5,25,Ni-Sb-W-O,"{""Ni"": 0.03285591180497803, ""Sb"": 0.0013594352724562114, ""W"": 0.9657846529225658}",0,6.245563,3.022218,2.841774,2263
5,26,Al-Bi-Co-O,"{'Al': 0.28245, 'Co': 0.49571, 'Bi': 0.22184}",550,10.664156,-0.033816,2.841774,2262
5,27,Fe-In-Ni-O,"{""Fe"": 0.10744359991174947, ""In"": 0.14262312092808727, ""Ni"": 0.7499332791601633}",500,0.973227,0.507405,2.841774,2261
5,28,Bi-Co-Mo-O,"{'Bi': 0.86654, 'Mo': 0.04046, 'Co': 0.093}",550,0.807925,1.857925,2.841774,2260
5,29,Al-Ni-Ti-O,"{'Ni': 0.7337, 'Al': 0.12518, 'Ti': 0.14112}",700,0.934437,0.227694,2.841774,2259
5,30,Co-Ni-Ta-O,"{""Co"": 0.1456313544200891, ""Ni"": 0.3567106941129456, ""Ta"": 0.4976579514669654}",550,1.089793,0.027757,2.841774,2258
5,31,Ag-Ni-Sb-O,"{'Sb': 0.02957, 'Ni': 0.22494, 'Ag': 0.74549}",0,0.920219,1.044522,2.841774,2257
5,32,Al-Ni-Ti-O,"{'Ni': 0.67953, 'Al': 0.08632, 'Ti': 0.23415}",550,0.865259,0.334024,2.841774,2256
5,33,Al-Ni-Ti-O,"{'Ni': 0.73866, 'Al': 0.11556, 'Ti': 0.14578}",550,0.850161,0.336713,2.841774,2255
5,34,Ag-Pb-W-O,"{'Pb': 0.706, 'W': 0.0193, 'Ag': 0.27471}",0,0.946989,0.60562,2.841774,2254
5,35,Co-Mn-Ti-O,"{'Co': 0.39457, 'Mn': 0.42326, 'Ti': 0.18217}",550,0.914888,0.101996,2.841774,2253
5,36,Co-In-Si-O,"{""Co"": 0.5840952640565931, ""In"": 0.41590473594340704}",550,7.448772,0.010328,2.841774,2252
5,37,Ge-In-Zr-O,"{""Ge"": 0.14340300425948926, ""In"": 0.2755944352273321, ""Zr"": 0.5810025605131786}",550,1.528471,0.034522,2.841774,2251
5,38,Co-Ni-Pd-O,"{""Co"": 0.3242684621137102, ""Ni"": 0.011116106585566965, ""Pd"": 0.6646154313007228}",550,0.759602,0.039542,2.841774,2250
5,39,Mn-Ni-Pd-O,"{""Mn"": 0.07005512729274747, ""Ni"": 0.7945444444712412, ""Pd"": 0.13540042823601134}",0,0.669319,0.62018,2.841774,2249
5,40,Mn-Pd-Zn-O,"{""Mn"": 0.02867816257328841, ""Pd"": 0.22109150763522245, ""Zn"": 0.7502303297914892}",550,0.643088,1.066042,2.841774,2248
5,41,Mn-Nb-Zn-O,"{'Mn': 0.031395273265179824, 'Nb': 0.8511173880980598, 'Zn': 0.11748733863676049}",700,1.703265,-0.01823,2.841774,2247
5,42,Mn-Ni-Pd-O,"{""Mn"": 0.358489994151669, ""Ni"": 0.4211467980576333, ""Pd"": 0.22036320779069776}",550,0.687648,0.089567,2.841774,2246
5,43,Mn-Pd-Zn-O,"{""Mn"": 0.03147256616848897, ""Pd"": 0.8932849855435693, ""Zn"": 0.07524244828794169}",550,0.597415,0.071506,2.845207,2245
5,44,Bi-Co-Sb-O,"{'Sb': 0.00895, 'Bi': 0.85692, 'Co': 0.13413}",0,0.994755,1.094073,2.845207,2244
5,45,Co-Ni-Ta-O,"{""Co"": 0.10034092273094715, ""Ni"": 0.7571508202208153, ""Ta"": 0.14250825704823764}",550,0.708437,0.627437,2.845207,2243
5,46,Co-In-Zr-O,"{""Co"": 0.049207044425978334, ""In"": 0.10359497312884207, ""Zr"": 0.8471979824451796}",550,1.102355,0.032232,2.845207,2242
5,47,Co-Mo-Pd-O,"{""Co"": 0.13701578586074648, ""Mo"": 0.09056728228019642, ""Pd"": 0.7724169318590571}",550,0.677782,0.038068,2.845207,2241
5,48,Ni-Pd-Ta-O,"{""Ni"": 0.11578991563577166, ""Pd"": 0.18756160723361423, ""Ta"": 0.6966484771306142}",550,1.625653,-0.005947,2.845207,2240
5,49,Ag-Ge-Hf-O,"{""Ag"": 0.5664071649341534, ""Ge"": 0.3629017861302668, ""Hf"": 0.07069104893557973}",550,0.835272,0.323715,2.845207,2239
5,50,Mn-Pd-Zn-O,"{""Mn"": 0.07393602550565898, ""Pd"": 0.1742729049360278, ""Zn"": 0.7517910695583133}",550,0.910535,0.821524,2.845207,2238
6,1,Mn-Ni-Pd-O,"{""Mn"": 0.0631008464256386, ""Ni"": 0.8192896212617821, ""Pd"": 0.11760953231257941}",0,0.674188,0.650249,2.003397,2287
6,2,Ni-Pd-Ta-O,"{""Ni"": 0.06497016675708737, ""Pd"": 0.889758224718729, ""Ta"": 0.045271608524183535}",550,0.647123,0.004436,2.211764,2286
6,3,Co-Mn-Mo-O,"{'Mn': 0.6974685523763048, 'Co': 0.12446397163500819, 'Mo': 0.17806747598868708}",550,0.754972,0.138129,2.211764,2285
6,4,Co-Nb-Sn-O,"{'Co': 0.8300857459242147, 'Nb': 0.13044172155720948, 'Sn': 0.039472532518575874}",700,0.690486,0.052274,2.211764,2284
6,5,Co-Mn-Ti-O,"{'Co': 0.21229, 'Mn': 0.68317, 'Ti': 0.10455}",700,1.56706,0.065798,2.211764,2283
6,6,Mn-Nb-Zn-O,"{'Mn': 0.021355408142775402, 'Nb': 0.8655590353345739, 'Zn': 0.11308555652265082}",550,5.489283,0.004498,2.211764,2282
6,7,Co-In-Si-O,"{""Co"": 0.4169115551184158, ""In"": 0.5830884448815842}",0,1.107384,0.113286,2.211764,2281
6,8,Ag-Ge-Hf-O,"{""Ag"": 0.5707439785661409, ""Ge"": 0.14164910790841984, ""Hf"": 0.28760691352543927}",550,0.862892,0.204631,2.211764,2280
6,9,Al-Ni-Ti-O,"{'Ni': 0.20523, 'Al': 0.06378, 'Ti': 0.73099}",700,1.070628,-0.18284,2.211764,2279
6,10,In-Mn-Pd-O,"{""In"": 0.06455292438018106, ""Mn"": 0.6773031227311312, ""Pd"": 0.25814395288868774}",550,0.542017,0.158192,2.850243,2278
6,11,Co-In-Zr-O,"{""Co"": 0.7704059432752054, ""In"": 0.17190637943801657, ""Zr"": 0.05768767728677797}",550,0.591444,0.224257,2.850243,2277
6,12,In-Mn-Pd-O,"{""In"": 0.07978659119665726, ""Mn"": 0.2369801359400674, ""Pd"": 0.6832332728632754}",550,0.508896,0.028395,3.069379,2276
6,13,Fe-In-Ni-O,"{""Fe"": 0.06096127048303243, ""In"": 0.9008741059419074, ""Ni"": 0.03816462357506024}",500,1.01599,0.041637,3.069379,2275
6,14,Mn-Ni-Pd-O,"{""Mn"": 0.05651099892265634, ""Ni"": 0.8115395660483478, ""Pd"": 0.13194943502899587}",550,0.658753,0.610581,3.069379,2274
6,15,Al-Ni-Ti-O,"{'Ni': 0.3226, 'Al': 0.44445, 'Ti': 0.23295}",550,0.957397,0.070332,3.069379,2273
6,16,Co-Mn-Nb-O,"{""Co"": 0.8153016459586394, ""Mn"": 0.14242445249418428, ""Nb"": 0.042273901547176404}",400,0.660113,0.140637,3.069379,2272
6,17,Ni-Sb-W-O,"{""Ni"": 0.04783123494267082, ""Sb"": 0.2922916900415117, ""W"": 0.6598770750158175}",550,1.035986,0.03055,3.069379,2271
6,18,Ag-Ni-Sb-O,"{'Sb': 0.00206, 'Ni': 0.05982, 'Ag': 0.93812}",0,0.921937,2.13411,3.069379,2270
6,19,Co-Mn-Mo-O,"{'Mn': 0.22112, 'Co': 0.52452, 'Mo': 0.25437}",550,0.740905,0.095189,3.069379,2269
6,20,Bi-Ni-Zr-O,"{""Bi"": 0.9311759836447115, ""Ni"": 0.015810931974497868, ""Zr"": 0.05301308438079061}",0,10.728798,1.020224,3.069379,2268
6,21,Co-Ni-Ta-O,"{""Co"": 0.10397999431935959, ""Ni"": 0.217690166367271, ""Ta"": 0.6783298393133694}",550,1.88204,0.042182,3.069379,2267
6,22,Bi-Co-Mo-O,"{'Bi': 0.19173, 'Mo': 0.44784, 'Co': 0.36043}",550,0.904399,0.328256,3.069379,2266
6,23,Co-In-Zr-O,"{""Co"": 0.13271648904482647, ""In"": 0.7579793387975783, ""Zr"": 0.10930417215759519}",0,0.958027,0.632824,3.069379,2265
6,24,Mn-Ni-Pd-O,"{""Mn"": 0.32837476139069816, ""Ni"": 0.06679205532832869, ""Pd"": 0.6048331832809731}",550,0.523845,0.176908,3.069379,2264
6,25,Co-Nb-Zr-O,"{""Co"": 0.12451562372202542, ""Nb"": 0.8082882139975541, ""Zr"": 0.06719616228042058}",550,1.93782,0.006262,3.069379,2263
6,26,Fe-In-Ni-O,"{""Fe"": 0.30651132626680416, ""In"": 0.25746523482225453, ""Ni"": 0.43602343891094125}",500,1.087048,0.337702,3.069379,2262
6,27,Mn-Nb-Sb-O,"{""Mn"": 0.1313915211994924, ""Nb"": 0.8409353212340209, ""Sb"": 0.02767315756648663}",550,1.782132,-0.014696,3.069379,2261
6,28,Co-Ni-Ta-O,"{""Co"": 0.2422983683664644, ""Ni"": 0.13297599563953677, ""Ta"": 0.6247256359939988}",550,1.336208,-0.007764,3.069379,2260
6,29,Ni-Pd-Ta-O,"{""Ni"": 0.49231510358469016, ""Pd"": 0.32405550038177644, ""Ta"": 0.1836293960335334}",550,0.742144,0.08284,3.069379,2259
6,30,Fe-Sb-W-O,"{""Fe"": 0.9946650223602168, ""Sb"": 0.005334977639783133, ""W"": 0.0}",550,0.964136,0.011988,3.069379,2258
6,31,Co-Mo-Pd-O,"{""Co"": 0.3588970054727965, ""Mo"": 0.32953922800554036, ""Pd"": 0.3115637665216631}",550,0.855931,0.153964,3.069379,2257
6,32,Co-Mn-Ti-O,"{'Co': 0.10076, 'Mn': 0.03088, 'Ti': 0.86836}",550,1.522429,-0.034282,3.069379,2256
6,33,Co-Nb-Sn-O,"{'Co': 0.92463, 'Nb': 0.06517, 'Sn': 0.0102}",550,0.677109,0.026983,3.069379,2255
6,34,Fe-Sb-W-O,"{'Sb': 0.01031, 'W': 0.89228, 'Fe': 0.09741}",0,0.933529,1.836288,3.069379,2254
6,35,Co-Mo-Pd-O,"{""Co"": 0.07341363971877567, ""Mo"": 0.0507077791458157, ""Pd"": 0.8758785811354087}",550,0.63721,0.108856,3.069379,2253
6,36,Mn-Nb-Zn-O,"{'Mn': 0.08321492779585433, 'Nb': 0.7979419571777182, 'Zn': 0.1188431150264275}",700,1.206779,0.010801,3.069379,2252
6,37,Al-Bi-Co-O,"{'Al': 0.03683, 'Co': 0.93305, 'Bi': 0.03012}",550,0.666361,0.029175,3.069379,2251
6,38,Al-Ni-Ti-O,"{'Ni': 0.41086, 'Al': 0.10173, 'Ti': 0.48741}",550,0.891981,0.154757,3.069379,2250
6,39,Fe-In-Ni-O,"{""Fe"": 0.1529729183715127, ""In"": 0.7047228281431447, ""Ni"": 0.14230425348534254}",500,0.981099,0.444654,3.069379,2249
6,40,Fe-Sb-W-O,"{""Fe"": 0.04553111737253496, ""Sb"": 0.001364204677489476, ""W"": 0.9531046779499757}",550,10.663267,0.042972,3.069379,2248
6,41,Ag-Ge-Hf-O,"{""Ag"": 0.13264196107555665, ""Ge"": 0.8002228236468913, ""Hf"": 0.06713521527755205}",0,0.996337,0.553065,3.069379,2247
6,42,Bi-Ni-Zr-O,"{""Bi"": 0.463292277934059, ""Ni"": 0.18412129657663714, ""Zr"": 0.3525864254893038}",0,0.943958,0.851155,3.069379,2246
6,43,Co-Hf-Zr-O,"{""Co"": 0.9544679253365075, ""Hf"": 0.03729647256231155, ""Zr"": 0.008235602101180992}",550,0.630033,0.073985,3.069379,2245
6,44,Ag-Ge-Hf-O,"{""Ag"": 0.13487158213059594, ""Ge"": 0.4206187109251542, ""Hf"": 0.4445097069442499}",550,1.267719,0.22559,3.069379,2244
6,45,Ni-Sb-W-O,"{""Ni"": 0.04875890276709923, ""Sb"": 0.0019046412214464565, ""W"": 0.9493364560114542}",0,1.700838,4.660063,3.069379,2243
6,46,Ag-Ni-Sb-O,"{'Sb': 0.00896, 'Ni': 0.62545, 'Ag': 0.36559}",0,0.947541,0.955885,3.069379,2242
6,47,Bi-Ni-Zr-O,"{""Bi"": 0.3905543589593799, ""Ni"": 0.5804005745154036, ""Zr"": 0.02904506652521659}",550,0.783861,0.424657,3.069379,2241
6,48,Ag-Nb-Ni-O,"{""Ag"": 0.23108412678689016, ""Nb"": 0.0002560139453292234, ""Ni"": 0.7686598592677806}",550,0.762834,0.497609,3.069379,2240
6,49,Fe-Ni-Ta-O,"{""Fe"": 0.09637270555363453, ""Ni"": 0.6445171873009753, ""Ta"": 0.2591101071453901}",400,0.719987,0.30391,3.069379,2239
6,50,Co-Mn-Mo-O,"{'Mn': 0.55058, 'Co': 0.14196, 'Mo': 0.30745}",550,0.839315,0.06896,3.069379,2238
7,1,Co-Nb-Sn-O,"{'Co': 0.91462, 'Nb': 0.07141, 'Sn': 0.01397}",550,0.671773,0.067581,2.053261,2287
7,2,Co-Mn-Zr-O,"{""Co"": 0.7857337774696935, ""Mn"": 0.16440744010157218, ""Zr"": 0.04985878242873422}",0,0.612158,0.148594,2.415974,2286
7,3,Fe-Sb-W-O,"{'Sb': 0.027175551622698888, 'W': 0.9207275938513088, 'Fe': 0.05209685452599234}",0,0.950191,0.026885,2.415974,2285
7,4,Cr-Sb-V-O,"{""Cr"": 0.2623272524292542, ""Sb"": 0.16129772930738046, ""V"": 0.5763750182633655}",550,0.882876,0.232063,2.415974,2284
7,5,Co-Sb-Zr-O,"{""Co"": 0.2099155630695397, ""Sb"": 0.001568051282241029, ""Zr"": 0.7885163856482192}",0,0.912248,0.124463,2.415974,2283
7,6,Ag-Ge-Hf-O,"{""Ag"": 0.10549413013748543, ""Ge"": 0.12875012850681772, ""Hf"": 0.7657557413556969}",550,1.165799,0.061425,2.415974,2282
7,7,Co-Mn-W-O,"{'Co': 0.57313, 'W': 0.36434, 'Mn': 0.06252}",550,1.125365,-0.018033,2.415974,2281
7,8,Bi-Co-Sb-O,"{'Sb': 0.00915, 'Bi': 0.37323, 'Co': 0.61762}",550,0.687643,0.053209,2.416877,2280
7,9,Bi-Ni-Zr-O,"{""Bi"": 0.34847562015465805, ""Ni"": 0.04362090035751135, ""Zr"": 0.6079034794878305}",550,1.230848,0.091367,2.416877,2279
7,10,Co-Nb-Sn-O,"{'Co': 0.57431, 'Nb': 0.31877, 'Sn': 0.10692}",700,0.999811,-0.046009,2.416877,2278
7,11,Co-Mn-Zr-O,"{""Co"": 0.866684291948655, ""Mn"": 0.10092992939144035, ""Zr"": 0.032385778659904496}",550,0.654426,0.136051,2.417095,2277
7,12,Co-Sb-Zr-O,"{""Co"": 0.25093562713512313, ""Sb"": 0.00966320115541792, ""Zr"": 0.7394011717094591}",0,0.8718,0.235884,2.417095,2276
7,13,Co-Ni-Ta-O,"{""Co"": 0.1456313544200891, ""Ni"": 0.3567106941129456, ""Ta"": 0.4976579514669654}",550,1.089793,0.027757,2.417095,2275
7,14,Mn-Nb-Zn-O,"{'Mn': 0.2615318320194931, 'Nb': 0.65354923720631, 'Zn': 0.0849189307741969}",550,0.788312,0.020662,2.417095,2274
7,15,Fe-In-Ni-O,"{""Fe"": 0.10062058951580709, ""In"": 0.31922692522050683, ""Ni"": 0.580152485263686}",500,0.996465,0.499718,2.417095,2273
7,16,Cr-Sb-V-O,"{""Cr"": 0.7117840796964638, ""Sb"": 0.19465756445969878, ""V"": 0.09355835584383738}",550,0.968306,0.279114,2.417095,2272
7,17,Co-Mn-Sn-O,"{""Co"": 0.6996742777201921, ""Mn"": 0.30032572227980786, ""Sn"": 0.0}",450,0.774895,0.033269,2.417095,2271
7,18,Al-Bi-Co-O,"{'Al': 0.32077, 'Co': 0.16154, 'Bi': 0.51768}",700,2.953351,0.000718,2.417095,2270
7,19,Co-Nb-Sn-O,"{'Co': 0.82048, 'Nb': 0.13879, 'Sn': 0.04073}",550,0.73988,0.014332,2.417507,2269
7,20,Bi-Co-Sb-O,"{'Sb': 0.00659, 'Bi': 0.84361, 'Co': 0.1498}",0,0.974238,1.072492,2.417507,2268
7,21,Mn-Ni-Pd-O,"{""Mn"": 0.2749409710329437, ""Ni"": 0.5968196140343011, ""Pd"": 0.12823941493275526}",550,1.046261,0.264348,2.417507,2267
7,22,Cr-Sb-V-O,"{""Cr"": 0.8091870702024487, ""Sb"": 0.03719301513066583, ""V"": 0.15361991466688554}",550,1.058927,0.364062,2.417507,2266
7,23,Co-Mn-Nb-O,"{""Co"": 0.12644105543003623, ""Mn"": 0.21261371781891356, ""Nb"": 0.6609452267510503}",400,1.160229,0.028038,2.417507,2265
7,24,Co-Mn-Nb-O,"{""Co"": 0.20605052043173036, ""Mn"": 0.21812006537982667, ""Nb"": 0.5758294141884429}",400,7.611253,-0.005125,2.417507,2264
7,25,Al-Cu-Mo-O,"{'Al': 0.7804028222856205, 'Cu': 0.1295845234123158, 'Mo': 0.09001265430206373}",700,0.969981,0.000657,2.417507,2263
7,26,Co-Fe-Zr-O,"{""Co"": 0.4783334085378511, ""Fe"": 0.056882934442679826, ""Zr"": 0.46478365701946905}",550,0.802897,0.035262,2.417507,2262
7,27,Bi-Ni-Zr-O,"{""Bi"": 0.8126666855308148, ""Ni"": 0.014252655489355294, ""Zr"": 0.17308065897982994}",550,2.510695,0.035929,2.417507,2261
7,28,Co-Ni-Ta-O,"{""Co"": 0.2259669448834511, ""Ni"": 0.6595703761929944, ""Ta"": 0.11446267892355455}",550,0.690581,0.41812,2.417507,2260
7,29,Co-Fe-Zr-O,"{""Co"": 0.267520693726514, ""Fe"": 0.6033191358382478, ""Zr"": 0.12916017043523817}",0,0.916969,0.29838,2.417507,2259
7,30,Ag-Nb-Ni-O,"{""Ag"": 0.30192561306655424, ""Nb"": 0.0, ""Ni"": 0.6980743869334458}",0,1.014579,0.795037,2.417507,2258
7,31,Ag-Nb-Ni-O,"{""Ag"": 0.26924850330648303, ""Nb"": 0.4133158760520933, ""Ni"": 0.3174356206414237}",550,0.89914,0.066366,2.417507,2257
7,32,In-Mn-Pd-O,"{""In"": 0.13954616380714097, ""Mn"": 0.6422981138632722, ""Pd"": 0.21815572232958683}",550,0.607199,0.105084,2.450273,2256
7,33,Al-Ni-Ti-O,"{'Ni': 0.20199, 'Al': 0.5223, 'Ti': 0.27571}",550,0.986492,0.00253,2.450273,2255
7,34,Cr-Sb-V-O,"{""Cr"": 0.705166731237542, ""Sb"": 0.11011622763720127, ""V"": 0.18471704112525666}",550,0.99328,0.297083,2.450273,2254
7,35,Co-Ni-Ta-O,"{""Co"": 0.0947657623772618, ""Ni"": 0.8877339249466049, ""Ta"": 0.01750031267613339}",550,0.71015,0.732815,2.450273,2253
7,36,Fe-In-Ni-O,"{""Fe"": 0.07085481112089566, ""In"": 0.3941943089975017, ""Ni"": 0.5349508798816027}",600,0.956163,0.573381,2.450273,2252
7,37,Co-Hf-Zr-O,"{""Co"": 0.4439410441800648, ""Hf"": 0.121819320578055, ""Zr"": 0.43423963524188025}",550,0.856331,0.093633,2.450273,2251
7,38,Mn-Nb-Zn-O,"{'Mn': 0.01576685301861372, 'Nb': 0.9317294452168018, 'Zn': 0.05250370176458435}",550,10.703369,-0.004028,2.450273,2250
7,39,Al-Cu-Mo-O,"{'Al': 0.46517, 'Cu': 0.09876, 'Mo': 0.43607}",550,1.05614,0.031533,2.450273,2249
7,40,Mn-Nb-Sb-O,"{""Mn"": 0.5507390675443389, ""Nb"": 0.39517134651169455, ""Sb"": 0.0540895859439666}",0,0.990051,0.060561,2.450273,2248
7,41,Co-Ni-Pd-O,"{""Co"": 0.41777812910986883, ""Ni"": 0.1495313303579471, ""Pd"": 0.4326905405321841}",550,0.842424,0.036117,2.450273,2247
7,42,Bi-Co-Mo-O,"{'Bi': 0.40709, 'Mo': 0.12668, 'Co': 0.46624}",550,0.656976,0.497671,2.450273,2246
7,43,Co-Ni-Zr-O,"{""Co"": 0.22356512180740037, ""Ni"": 0.3485087235238342, ""Zr"": 0.4279261546687654}",0,0.714477,0.372213,2.450273,2245
7,44,Ni-Pd-Ta-O,"{""Ni"": 0.3720811057579513, ""Pd"": 0.21127685772912885, ""Ta"": 0.4166420365129198}",550,1.138366,0.063151,2.450273,2244
7,45,Co-Sb-Zr-O,"{""Co"": 0.09484886843656029, ""Sb"": 0.016447491727488443, ""Zr"": 0.8887036398359512}",550,1.509424,0.031702,2.450273,2243
7,46,Co-Mn-W-O,"{'Co': 0.4900337425931355, 'W': 0.26803930258027425, 'Mn': 0.24192695482659038}",550,0.727748,0.161434,2.450273,2242
7,47,Co-Mn-W-O,"{'Mn': 0.27802, 'W': 0.30967, 'Co': 0.41232}",550,1.181937,0.044405,2.450273,2241
7,48,Ag-Pb-W-O,"{'Pb': 0.71578, 'W': 0.0241, 'Ag': 0.26012}",0,0.777279,0.481257,2.450273,2240
7,49,Co-Nb-Zr-O,"{""Co"": 0.2117830740789125, ""Nb"": 0.4084654424320148, ""Zr"": 0.3797514834890727}",550,0.963173,0.038114,2.450273,2239
7,50,Ag-Pb-W-O,"{'Pb': 0.04792, 'W': 0.73663, 'Ag': 0.21544}",0,6.239566,0.596229,2.450273,2238
8,1,Co-In-Zr-O,"{""Co"": 0.05097666034415864, ""In"": 0.9137648696505204, ""Zr"": 0.03525847000532095}",0,0.987202,1.214143,1.74329,2287
8,2,Fe-Sb-W-O,"{""Fe"": 0.9431016190305831, ""Sb"": 0.05689838096941692, ""W"": 0.0}",550,1.162539,0.005212,1.74329,2286
8,3,Al-Cu-Mo-O,"{'Al': 0.11273, 'Cu': 0.74989, 'Mo': 0.13738}",700,10.733209,0.076071,1.74329,2285
8,4,Al-Cu-Mo-O,"{'Al': 0.28232, 'Cu': 0.47949, 'Mo': 0.23819}",700,0.97135,0.065812,1.74329,2284
8,5,Mn-Nb-Zn-O,"{'Mn': 0.07142004546374096, 'Nb': 0.8168892969256979, 'Zn': 0.11169065761056111}",550,1.394595,0.004447,1.74329,2283
8,6,Fe-Sb-W-O,"{""Fe"": 0.21590718845271598, ""Sb"": 0.0014066314239997203, ""W"": 0.7826861801232843}",550,1.384142,0.0933,1.74329,2282
8,7,Co-Fe-Zr-O,"{""Co"": 0.38849575461033364, ""Fe"": 0.193532929087723, ""Zr"": 0.4179713163019434}",0,0.649457,0.176821,2.17981,2281
8,8,Co-Mn-Nb-O,"{""Co"": 0.8153016459586394, ""Mn"": 0.14242445249418428, ""Nb"": 0.042273901547176404}",400,0.660113,0.140637,2.18308,2280
8,9,Ag-Ni-Sb-O,"{'Sb': 0.10371, 'Ni': 0.03831, 'Ag': 0.85797}",0,0.867119,1.137483,2.18308,2279
8,10,Ag-Ge-Hf-O,"{""Ag"": 0.5340977452740955, ""Ge"": 0.3336330618542866, ""Hf"": 0.13226919287161804}",550,0.873013,0.383304,2.18308,2278
8,11,Co-Ni-Pd-O,"{""Co"": 0.041183577795834786, ""Ni"": 0.0033916257973575104, ""Pd"": 0.9554247964068077}",0,0.456618,0.543545,3.280193,2277
8,12,Bi-Co-Mo-O,"{'Bi': 0.80564, 'Mo': 0.03793, 'Co': 0.15643}",0,1.041424,1.26819,3.280193,2276
8,13,Ag-Ni-Sb-O,"{'Sb': 0.25418, 'Ag': 0.3837, 'Ni': 0.36212}",550,0.881515,0.471181,3.280193,2275
8,14,Mn-Pd-Zn-O,"{""Mn"": 0.3983224459385518, ""Pd"": 0.3902568850026192, ""Zn"": 0.21142066905882895}",550,0.692111,0.287283,3.280193,2274
8,15,Co-In-Zr-O,"{""Co"": 0.7714518959042741, ""In"": 0.16777727175546636, ""Zr"": 0.0607708323402596}",550,0.586416,0.2292,3.30001,2273
8,16,Mn-Nb-Zn-O,"{'Mn': 0.27024001329237596, 'Nb': 0.6635310273901152, 'Zn': 0.06622895931750905}",700,0.96854,0.022926,3.30001,2272
8,17,Ge-In-Zr-O,"{""Ge"": 0.8970973568123429, ""In"": 0.0592672205155426, ""Zr"": 0.04363542267211461}",0,0.996152,0.944476,3.30001,2271
8,18,Fe-Ni-Ta-O,"{""Fe"": 0.4415885751899437, ""Ni"": 0.2845782239382262, ""Ta"": 0.27383320087183005}",400,0.886615,0.10045,3.30001,2270
8,19,Cr-Sb-V-O,"{""Cr"": 0.9158700273128397, ""Sb"": 0.03559369289399495, ""V"": 0.04853627979316542}",0,0.975392,0.697338,3.30001,2269
8,20,Al-Cu-Mo-O,"{'Al': 0.13268, 'Cu': 0.69009, 'Mo': 0.17724}",700,10.730429,0.052891,3.30001,2268
8,21,Bi-Ni-Zr-O,"{""Bi"": 0.1012807277926921, ""Ni"": 0.042186900450069925, ""Zr"": 0.856532371757238}",0,1.086826,0.030192,3.30001,2267
8,22,In-Mn-Pd-O,"{""In"": 0.33238572777481723, ""Mn"": 0.31711498462046817, ""Pd"": 0.3504992876047146}",550,0.747651,0.119754,3.300069,2266
8,23,Mn-Pd-Zn-O,"{""Mn"": 0.6470714457389513, ""Pd"": 0.14434532940821743, ""Zn"": 0.20858322485283123}",550,0.923317,0.390794,3.300069,2265
8,24,Nb-Ni-Ta-O,"{""Nb"": 0.11161698831983531, ""Ni"": 0.3641129163589651, ""Ta"": 0.5242700953211996}",550,1.120673,0.056086,3.300069,2264
8,25,Cr-Sb-V-O,"{""Cr"": 0.9075622192641907, ""Sb"": 0.02402177621243997, ""V"": 0.06841600452336934}",550,1.155834,0.667863,3.300069,2263
8,26,Al-Bi-Co-O,"{'Al': 0.15082, 'Co': 0.6301, 'Bi': 0.21907}",550,1.030398,0.047102,3.300069,2262
8,27,Al-Bi-Co-O,"{'Al': 0.42029, 'Co': 0.37282, 'Bi': 0.20688}",700,1.014971,0.043738,3.300069,2261
8,28,Bi-Co-Sb-O,"{'Sb': 0.00785, 'Bi': 0.69493, 'Co': 0.29722}",550,0.754917,0.371363,3.300069,2260
8,29,Mn-Nb-Zn-O,"{'Mn': 0.10305137710405644, 'Nb': 0.792207357769105, 'Zn': 0.10474126512683843}",700,1.133488,0.016553,3.300069,2259
8,30,Co-Fe-Zr-O,"{""Co"": 0.15445699330333673, ""Fe"": 0.18802436586175356, ""Zr"": 0.6575186408349099}",550,1.054091,0.047337,3.300069,2258
8,31,Al-Bi-Co-O,"{'Al': 0.3093, 'Co': 0.55554, 'Bi': 0.13516}",700,0.93904,0.0622,3.300069,2257
8,32,Bi-Ni-Zr-O,"{""Bi"": 0.8126666855308148, ""Ni"": 0.014252655489355294, ""Zr"": 0.17308065897982994}",550,2.510695,0.035929,3.300069,2256
8,33,Co-In-Zr-O,"{""Co"": 0.5576634794912777, ""In"": 0.2722396662864981, ""Zr"": 0.17009685422222426}",550,0.640053,0.180076,3.300531,2255
8,34,Co-Mn-W-O,"{'Co': 0.8825800418322484, 'W': 0.06724540647410117, 'Mn': 0.05017455169365035}",550,0.653291,0.221993,3.300531,2254
8,35,Co-In-Si-O,"{""Co"": 0.238867033366484, ""In"": 0.761132966633516}",550,1.068288,0.125997,3.300531,2253
8,36,Ni-Pd-Ta-O,"{""Ni"": 0.2047656809596275, ""Pd"": 0.13586229599241118, ""Ta"": 0.6593720230479614}",550,1.5958,0.019284,3.300531,2252
8,37,Mn-Nb-Sb-O,"{""Mn"": 0.1401148276024385, ""Nb"": 0.8260803818273507, ""Sb"": 0.033804790570210845}",550,1.774369,0.014789,3.300531,2251
8,38,Bi-Co-Mo-O,"{'Bi': 0.59477, 'Mo': 0.20039, 'Co': 0.20484}",550,0.815288,0.988169,3.300531,2250
8,39,Cr-Sb-V-O,"{""Cr"": 0.6844141236560437, ""Sb"": 0.22855022066615346, ""V"": 0.08703565567780285}",550,0.967025,0.275477,3.300531,2249
8,40,Al-Cu-Mo-O,"{'Al': 0.805, 'Cu': 0.14649, 'Mo': 0.04851}",550,1.077809,0.045591,3.300531,2248
8,41,Al-Ni-Ti-O,"{'Ni': 0.67953, 'Al': 0.08632, 'Ti': 0.23415}",550,0.865259,0.334024,3.300531,2247
8,42,Mn-Pd-Zn-O,"{""Mn"": 0.1720887447650615, ""Pd"": 0.6879327455857024, ""Zn"": 0.13997850964923608}",550,0.574538,0.122394,3.313981,2246
8,43,Ge-In-Zr-O,"{""Ge"": 0.5367589030868253, ""In"": 0.29214306436897425, ""Zr"": 0.17109803254420045}",0,1.004424,0.714516,3.313981,2245
8,44,Ni-Pd-Ta-O,"{""Ni"": 0.07894095125371102, ""Pd"": 0.5490135112431097, ""Ta"": 0.3720455375031793}",550,1.20314,0.027154,3.313981,2244
8,45,Mn-Nb-Sb-O,"{""Mn"": 0.705720230438422, ""Nb"": 0.2254778276707698, ""Sb"": 0.06880194189080815}",550,0.975603,0.013658,3.313981,2243
8,46,Ge-In-Zr-O,"{""Ge"": 0.11953890255497016, ""In"": 0.8403325554469872, ""Zr"": 0.040128541998042735}",550,1.057752,0.663613,3.313981,2242
8,47,Bi-Ni-Zr-O,"{""Bi"": 0.2822164718423572, ""Ni"": 0.660945274324143, ""Zr"": 0.05683825383349975}",550,0.781373,0.525165,3.313981,2241
8,48,Al-Ni-Ti-O,"{'Ni': 0.81939, 'Al': 0.07325, 'Ti': 0.10735}",550,0.79427,0.510769,3.313981,2240
8,49,Ni-Pd-Ta-O,"{""Ni"": 0.04413737062120079, ""Pd"": 0.6869342835874181, ""Ta"": 0.2689283457913811}",550,0.564769,-0.000331,3.34088,2239
8,50,Mn-Nb-Zn-O,"{'Mn': 0.02172098747146486, 'Nb': 0.8872328589767325, 'Zn': 0.09104615355180262}",700,1.712432,-0.040883,3.34088,2238
9,1,Al-Ni-Ti-O,"{'Ni': 0.07138, 'Al': 0.11501, 'Ti': 0.81361}",550,1.299986,0.028192,1.74329,2287
9,2,Co-Mo-Pd-O,"{""Co"": 0.10032989169254711, ""Mo"": 0.07425483425251889, ""Pd"": 0.8254152740549341}",550,0.648482,0.00982,2.202751,2286
9,3,Al-Ni-Ti-O,"{'Ni': 0.2745, 'Al': 0.19904, 'Ti': 0.52646}",550,0.920696,0.105144,2.202751,2285
9,4,Cr-Sb-V-O,"{""Cr"": 0.7699003762187953, ""Sb"": 0.03133134979371429, ""V"": 0.19876827398749042}",550,1.021823,0.318223,2.202751,2284
9,5,Co-Ni-Ta-O,"{""Co"": 0.5363643427304099, ""Ni"": 0.34224114485982865, ""Ta"": 0.12139451240976137}",550,0.657323,0.155672,2.202751,2283
9,6,Bi-Ni-Zr-O,"{""Bi"": 0.9420900621235075, ""Ni"": 0.008625066753708319, ""Zr"": 0.04928487112278415}",0,10.289881,0.798398,2.202751,2282
9,7,Co-Mo-Pd-O,"{""Co"": 0.2747066617156801, ""Mo"": 0.20563259766094466, ""Pd"": 0.5196607406233753}",550,0.644699,0.189805,2.22561,2281
9,8,Co-Fe-Zr-O,"{""Co"": 0.37959704951468604, ""Fe"": 0.5195760383762518, ""Zr"": 0.10082691210906218}",550,0.814384,0.182837,2.22561,2280
9,9,Ag-Ge-Hf-O,"{""Ag"": 0.07793562146429024, ""Ge"": 0.06741493403200992, ""Hf"": 0.8546494445036998}",550,1.362289,0.017747,2.22561,2279
9,10,Co-Sb-Zr-O,"{""Co"": 0.1042846952403609, ""Sb"": 0.008827747361584603, ""Zr"": 0.8868875573980544}",550,1.326697,0.036265,2.22561,2278
9,11,Al-Ni-Ti-O,"{'Ni': 0.20013, 'Al': 0.60121, 'Ti': 0.19866}",700,10.657551,-0.017184,2.22561,2277
9,12,Co-Sb-Zr-O,"{""Co"": 0.18289064818163236, ""Sb"": 0.008018671566822802, ""Zr"": 0.8090906802515448}",0,1.038205,0.736997,2.22561,2276
9,13,Co-Nb-Sn-O,"{'Co': 0.92463, 'Nb': 0.06517, 'Sn': 0.0102}",550,0.677109,0.026983,2.22561,2275
9,14,Co-Fe-Zr-O,"{""Co"": 0.8046047304002377, ""Fe"": 0.07636575230065604, ""Zr"": 0.11902951729910619}",0,0.556449,0.603857,2.722368,2274
9,15,Al-Bi-Co-O,"{'Al': 0.58734, 'Co': 0.38991, 'Bi': 0.02275}",550,1.129943,0.003139,2.722368,2273
9,16,Ag-Ge-Hf-O,"{""Ag"": 0.3530710791243802, ""Ge"": 0.29674787720455753, ""Hf"": 0.35018104367106234}",550,1.405066,0.280921,2.722368,2272
9,17,Co-Nb-Zr-O,"{""Co"": 0.12099212739894107, ""Nb"": 0.13082722075776715, ""Zr"": 0.7481806518432917}",550,1.043152,-0.001094,2.722368,2271
9,18,Bi-Ni-Zr-O,"{""Bi"": 0.22658704378266778, ""Ni"": 0.32933589952889997, ""Zr"": 0.4440770566884322}",0,0.937384,0.652117,2.722368,2270
9,19,Bi-Ni-Zr-O,"{""Bi"": 0.8656073880584397, ""Ni"": 0.04681754007397499, ""Zr"": 0.08757507186758529}",0,0.923944,1.55593,2.722368,2269
9,20,Al-Bi-Co-O,"{'Al': 0.57671, 'Co': 0.3772, 'Bi': 0.04609}",550,1.089475,0.016324,2.722368,2268
9,21,Ag-Nb-Ni-O,"{""Ag"": 0.955763107060053, ""Nb"": 0.0, ""Ni"": 0.044236892939946995}",550,2.764698,1.661275,2.722368,2267
9,22,Co-Mn-Ti-O,"{'Co': 0.58552, 'Mn': 0.15702, 'Ti': 0.25746}",550,0.752984,0.03345,2.722368,2266
9,23,Ag-Ni-Sb-O,"{'Sb': 0.24876, 'Ag': 0.67609, 'Ni': 0.07515}",550,0.820211,0.688965,2.722368,2265
9,24,Co-Mn-Zr-O,"{""Co"": 0.9043759324904563, ""Mn"": 0.08282655632260086, ""Zr"": 0.0127975111869428}",0,0.755619,0.09078,2.722368,2264
9,25,Ni-Pd-Ta-O,"{""Ni"": 0.2997070862446293, ""Pd"": 0.38618011791956186, ""Ta"": 0.3141127958358088}",550,0.804354,0.019809,2.722368,2263
9,26,Ag-Nb-Ni-O,"{""Ag"": 0.31170581607006853, ""Nb"": 0.6227337427452302, ""Ni"": 0.06556044118470135}",550,0.992518,0.057381,2.722368,2262
9,27,Ag-Nb-Ni-O,"{""Ag"": 0.4621743289756456, ""Nb"": 0.35209503315839924, ""Ni"": 0.18573063786595523}",550,0.870136,0.079023,2.722368,2261
9,28,Ag-Ni-Sb-O,"{'Sb': 0.01763, 'Ni': 0.17502, 'Ag': 0.80735}",0,0.934167,1.277797,2.722368,2260
9,29,Co-Mn-Ti-O,"{'Co': 0.59538, 'Mn': 0.27372, 'Ti': 0.1309}",550,0.871155,0.005378,2.722368,2259
9,30,Ag-Nb-Ni-O,"{""Ag"": 0.36615144380052805, ""Nb"": 0.1876834271100742, ""Ni"": 0.4461651290893977}",550,0.830729,0.193777,2.722368,2258
9,31,Bi-Co-Sb-O,"{'Sb': 0.0041, 'Bi': 0.94086, 'Co': 0.05504}",0,10.734386,1.123415,2.722368,2257
9,32,Co-Fe-Zr-O,"{""Co"": 0.5188461813356179, ""Fe"": 0.22038455414509953, ""Zr"": 0.2607692645192827}",550,0.748312,0.052013,2.722368,2256
9,33,Co-Mo-Pd-O,"{""Co"": 0.5188707759116159, ""Mo"": 0.22212737511370553, ""Pd"": 0.25900184897467854}",550,0.62488,0.223368,2.729909,2255
9,34,Al-Cu-Mo-O,"{'Al': 0.26193, 'Cu': 0.22243, 'Mo': 0.51564}",550,1.115311,0.094922,2.729909,2254
9,35,Fe-In-Ni-O,"{""Fe"": 0.06768493657655522, ""In"": 0.6437460731298329, ""Ni"": 0.28856899029361194}",500,0.977406,0.597663,2.729909,2253
9,36,Al-Ni-Ti-O,"{'Ni': 0.17741, 'Al': 0.50466, 'Ti': 0.31793}",700,1.118346,0.006145,2.729909,2252
9,37,Ni-Pd-Ta-O,"{""Ni"": 0.2572176187727891, ""Pd"": 0.508789319463049, ""Ta"": 0.23399306176416199}",0,0.737123,0.149107,2.729909,2251
9,38,Co-Ni-Pd-O,"{""Co"": 0.034186777338562194, ""Ni"": 0.003876776377088735, ""Pd"": 0.9619364462843492}",550,0.928593,-0.069154,2.731117,2250
9,39,Ge-In-Zr-O,"{""Ge"": 0.6129862071225693, ""In"": 0.2306649915507479, ""Zr"": 0.15634880132668277}",0,0.978366,0.707684,2.731117,2249
9,40,Co-Mo-Pd-O,"{""Co"": 0.13701578586074648, ""Mo"": 0.09056728228019642, ""Pd"": 0.7724169318590571}",550,0.677782,0.038068,2.731117,2248
9,41,Mn-Ni-Pd-O,"{""Mn"": 0.2947188441642541, ""Ni"": 0.252857856860546, ""Pd"": 0.4524232989752}",550,0.59563,0.047759,2.7514,2247
9,42,Co-Mn-Mo-O,"{'Mn': 0.25312, 'Co': 0.53228, 'Mo': 0.2146}",550,0.726509,0.097727,2.7514,2246
9,43,Al-Cu-Mo-O,"{'Al': 0.38924, 'Cu': 0.40399, 'Mo': 0.20677}",700,0.992306,0.044961,2.7514,2245
9,44,Mn-Nb-Sb-O,"{""Mn"": 0.48499682827587814, ""Nb"": 0.44683144882111986, ""Sb"": 0.0681717229030019}",0,1.014171,0.08256,2.7514,2244
9,45,Co-Ni-Zr-O,"{""Co"": 0.08928280573153277, ""Ni"": 0.13232658395842958, ""Zr"": 0.7783906103100378}",0,0.983909,0.974055,2.7514,2243
9,46,Co-Mn-Mo-O,"{'Mn': 0.451, 'Co': 0.27596, 'Mo': 0.27304}",550,0.75337,0.077768,2.7514,2242
9,47,Co-Ni-Pd-O,"{""Co"": 0.023424670306801964, ""Ni"": 0.002467217132874793, ""Pd"": 0.9741081125603234}",550,1.106269,0.034582,2.7514,2241
9,48,Fe-Sb-W-O,"{""Fe"": 0.9005492582973491, ""Sb"": 0.09945074170265093, ""W"": 0.0}",550,0.978993,0.00796,2.7514,2240
9,49,Co-Sb-Zr-O,"{""Co"": 0.3048780034409307, ""Sb"": 0.15700363000351497, ""Zr"": 0.5381183665555543}",0,0.835963,0.317085,2.7514,2239
9,50,Al-Ni-Ti-O,"{'Ni': 0.10007, 'Al': 0.15963, 'Ti': 0.7403}",550,1.023548,0.042672,2.7514,2238
10,1,Co-Ni-Ta-O,"{""Co"": 0.10308451847575761, ""Ni"": 0.5705049519285561, ""Ta"": 0.3264105295956863}",550,0.773488,0.177072,1.74329,2287
10,2,Co-In-Zr-O,"{""Co"": 0.4663319927690962, ""In"": 0.2662479719782659, ""Zr"": 0.26742003525263797}",550,0.7088,0.085315,1.824241,2286
10,3,Nb-Ni-Ta-O,"{""Nb"": 0.06381943179610468, ""Ni"": 0.8105529831689556, ""Ta"": 0.12562758503493962}",550,0.713069,0.849084,1.824241,2285
10,4,Ag-Ge-Hf-O,"{""Ag"": 0.8889489936558213, ""Ge"": 0.0356477142057993, ""Hf"": 0.07540329213837943}",550,0.884244,0.618204,1.824241,2284
10,5,Co-In-Si-O,"{""Co"": 0.5641592223903698, ""In"": 0.4358407776096303}",550,7.925799,0.005482,1.824241,2283
10,6,Al-Ni-Ti-O,"{'Ni': 0.55805, 'Al': 0.23319, 'Ti': 0.20876}",550,0.898698,0.182251,1.824241,2282
10,7,Al-Cu-Mo-O,"{'Al': 0.7218762967322483, 'Cu': 0.20516086178073248, 'Mo': 0.07296284148701927}",700,0.944919,0.004274,1.824241,2281
10,8,Co-Mn-Ti-O,"{'Co': 0.28258, 'Mn': 0.49603, 'Ti': 0.22139}",700,0.954576,0.146663,1.824241,2280
10,9,Mn-Pd-Zn-O,"{""Mn"": 0.08702318299044716, ""Pd"": 0.2757330039596668, ""Zn"": 0.6372438130498861}",550,0.620231,0.632564,2.320254,2279
10,10,Al-Ni-Ti-O,"{'Ni': 0.66361, 'Al': 0.13296, 'Ti': 0.20343}",700,0.929768,0.189642,2.320254,2278
10,11,Bi-Co-Mo-O,"{'Bi': 0.10444, 'Mo': 0.58808, 'Co': 0.30747}",0,1.008524,0.398835,2.320254,2277
10,12,Mn-Nb-Zn-O,"{'Mn': 0.12958404376101418, 'Nb': 0.7492385337780161, 'Zn': 0.12117742246096967}",550,0.980606,0.008154,2.320254,2276
10,13,Co-Mn-W-O,"{'Co': 0.6207910126852413, 'W': 0.13943884767766954, 'Mn': 0.239770139637089}",0,0.659191,0.589784,2.322377,2275
10,14,Ag-Nb-Ni-O,"{""Ag"": 0.8414292084822211, ""Nb"": 0.06957197359619385, ""Ni"": 0.08899881792158505}",550,1.095892,0.873013,2.322377,2274
10,15,Co-Nb-Zr-O,"{""Co"": 0.3486243910308095, ""Nb"": 0.0, ""Zr"": 0.6513756089691906}",550,0.782305,0.036132,2.322377,2273
10,16,Mn-Pd-Zn-O,"{""Mn"": 0.0361211644589684, ""Pd"": 0.9294179146764211, ""Zn"": 0.034460920864610466}",550,0.575991,0.019029,2.652254,2272
10,17,Nb-Ni-Ta-O,"{""Nb"": 0.11161698831983531, ""Ni"": 0.3641129163589651, ""Ta"": 0.5242700953211996}",550,1.120673,0.056086,2.652254,2271
10,18,Co-Hf-Zr-O,"{""Co"": 0.6502290941944644, ""Hf"": 0.15214844225985744, ""Zr"": 0.1976224635456782}",400,0.685995,0.131136,2.652254,2270
10,19,Ag-Ge-Hf-O,"{""Ag"": 0.8695806319745786, ""Ge"": 0.07332500006516146, ""Hf"": 0.057094367960259886}",550,0.817468,0.541135,2.652254,2269
10,20,Mn-Nb-Sb-O,"{""Mn"": 0.8342765211081656, ""Nb"": 0.15798318071094872, ""Sb"": 0.007740298180885644}",0,0.804577,0.066216,2.652254,2268
10,21,Mn-Nb-Zn-O,"{'Mn': 0.03334204535936222, 'Nb': 0.7158137264921243, 'Zn': 0.25084422814851337}",700,0.997475,0.000456,2.652254,2267
10,22,Bi-Ni-Zr-O,"{""Bi"": 0.6750601190260104, ""Ni"": 0.23103655992606917, ""Zr"": 0.09390332104792046}",550,1.189433,0.095428,2.652254,2266
10,23,Co-Nb-Zr-O,"{""Co"": 0.1394005114952281, ""Nb"": 0.6652762551631001, ""Zr"": 0.19532323334167193}",550,1.230285,0.014662,2.652254,2265
10,24,Co-Ni-Pd-O,"{""Co"": 0.03220864466323094, ""Ni"": 0.005054323140198957, ""Pd"": 0.96273703219657}",550,1.006575,0.082655,2.652254,2264
10,25,Co-Hf-Mn-O,"{""Co"": 0.6921918452263258, ""Hf"": 0.15534202411878736, ""Mn"": 0.15246613065488684}",0,0.631651,0.155526,2.652254,2263
10,26,Bi-Co-Sb-O,"{'Sb': 0.18245, 'Bi': 0.76536, 'Co': 0.05219}",0,0.99113,0.705515,2.652254,2262
10,27,Cr-Sb-V-O,"{""Cr"": 0.9158700273128397, ""Sb"": 0.03559369289399495, ""V"": 0.04853627979316542}",0,0.975392,0.697338,2.652254,2261
10,28,Fe-In-Ni-O,"{""Fe"": 0.09030753793498628, ""In"": 0.5130456266428948, ""Ni"": 0.39664683542211887}",600,0.949354,0.491403,2.652254,2260
10,29,Ni-Sb-W-O,"{""Ni"": 0.014016430235361636, ""Sb"": 0.0015761867603048354, ""W"": 0.9844073830043336}",550,0.995054,0.206808,2.652254,2259
10,30,Al-Cu-Mo-O,"{'Al': 0.81929, 'Cu': 0.0605, 'Mo': 0.12021}",550,1.371602,0.006678,2.652254,2258
10,31,Co-Nb-Sn-O,"{'Co': 0.7479, 'Nb': 0.21085, 'Sn': 0.04125}",550,0.763393,-0.002392,2.652254,2257
10,32,Co-Nb-Sn-O,"{'Co': 0.6009081723843827, 'Nb': 0.25259301325081934, 'Sn': 0.14649881436479797}",700,0.802599,-0.0454,2.652254,2256
10,33,Co-Mn-W-O,"{'Co': 0.17141, 'W': 0.70278, 'Mn': 0.12581}",550,1.153403,-0.063693,2.652254,2255
10,34,Ni-Pd-Ta-O,"{""Ni"": 0.2400896335397617, ""Pd"": 0.7025565124501356, ""Ta"": 0.057353854010102706}",550,0.610107,0.008389,2.653748,2254
10,35,Co-Mn-Mo-O,"{'Mn': 0.5074, 'Co': 0.22654, 'Mo': 0.26606}",550,0.771577,0.082667,2.653748,2253
10,36,Co-Nb-Sn-O,"{'Co': 0.82048, 'Nb': 0.13879, 'Sn': 0.04073}",550,0.73988,0.014332,2.653748,2252
10,37,Fe-In-Ni-O,"{""Fe"": 0.39846876202897263, ""In"": 0.14374687103116152, ""Ni"": 0.4577843669398658}",500,0.963395,0.308406,2.653748,2251
10,38,Co-Fe-Zr-O,"{""Co"": 0.267520693726514, ""Fe"": 0.6033191358382478, ""Zr"": 0.12916017043523817}",0,0.916969,0.29838,2.653748,2250
10,39,Al-Cu-Mo-O,"{'Al': 0.7488736789913588, 'Cu': 0.09187148485045186, 'Mo': 0.15925483615818936}",550,1.066638,0.073251,2.653748,2249
10,40,Al-Bi-Co-O,"{'Al': 0.1549, 'Co': 0.30732, 'Bi': 0.53777}",550,10.673683,0.015804,2.653748,2248
10,41,Co-Hf-Mn-O,"{""Co"": 0.3263345650175487, ""Hf"": 0.30293459300619546, ""Mn"": 0.3707308419762558}",550,0.893774,0.133119,2.653748,2247
10,42,Al-Bi-Co-O,"{'Al': 0.03479, 'Co': 0.12213, 'Bi': 0.84307}",550,10.712732,0.251384,2.653748,2246
10,43,Bi-Co-Mo-O,"{'Bi': 0.6094, 'Mo': 0.30109, 'Co': 0.08951}",550,0.946151,0.760117,2.653748,2245
10,44,Ag-Ge-Hf-O,"{""Ag"": 0.1883632723776526, ""Ge"": 0.747514728694996, ""Hf"": 0.06412199892735136}",550,0.886692,0.528593,2.653748,2244
10,45,Co-Mn-W-O,"{'Co': 0.5592593097801806, 'Mn': 0.04028136795379153, 'W': 0.40045932226602793}",550,1.071153,0.091545,2.653748,2243
10,46,Co-Nb-Sn-O,"{'Co': 0.70247, 'Nb': 0.2228, 'Sn': 0.07473}",550,0.822719,0.006849,2.653748,2242
10,47,Co-Ni-Zr-O,"{""Co"": 0.08928280573153277, ""Ni"": 0.13232658395842958, ""Zr"": 0.7783906103100378}",0,0.983909,0.974055,2.653748,2241
10,48,Co-Sb-Zr-O,"{""Co"": 0.0772879612988767, ""Sb"": 0.027007007168055545, ""Zr"": 0.8957050315330678}",0,0.984757,0.019318,2.653748,2240
10,49,Ag-Nb-Ni-O,"{""Ag"": 0.19521779350264606, ""Nb"": 0.7495735880319685, ""Ni"": 0.05520861846538541}",550,0.945967,0.042986,2.653748,2239
10,50,Co-Hf-Mn-O,"{""Co"": 0.665347551839365, ""Hf"": 0.18890433808621096, ""Mn"": 0.14574811007442406}",0,0.790705,0.143206,2.653748,2238
