seed,step
0,6
1,5
2,8
3,4
4,11
5,9
6,2
7,9
8,9
9,2
10,10
11,3
12,15
13,6
14,5
15,6
16,2
17,2
18,15
19,3
20,5
21,8
22,4
23,3
24,7
25,6
26,9
27,8
28,11
29,8
30,5
31,5
32,1
33,1
34,2
35,6
36,4
37,8
38,6
39,2
40,1
41,3
42,4
43,4
44,2
45,8
46,4
47,6
48,8
49,1
50,8
51,4
52,5
53,2
54,4
55,2
56,6
57,1
58,2
59,11
60,4
61,6
62,18
63,3
64,6
65,5
66,1
67,8
68,9
69,6
70,6
71,3
72,3
73,9
74,3
75,2
76,3
77,6
78,6
79,5
80,2
81,9
82,5
83,3
84,2
85,9
86,6
87,10
88,10
89,3
90,3
91,1
92,5
93,3
94,8
95,9
96,3
97,2
98,2
99,3
100,9
101,10
102,12
103,3
104,1
105,1
106,2
107,5
108,1
109,15
110,4
111,8
112,10
113,7
114,3
115,2
116,6
117,6
118,6
119,2
120,11
121,8
122,6
123,11
124,5
125,9
126,9
127,4
128,4
129,9
130,1
131,10
132,4
133,3
134,6
135,3
136,3
137,21
138,2
139,8
140,5
141,2
142,7
143,5
144,7
145,2
146,1
147,4
148,6
149,9
150,4
151,1
152,1
153,2
154,4
155,8
156,1
157,12
158,7
159,1
160,6
161,6
162,6
163,8
164,3
165,5
166,1
167,5
168,5
169,3
170,2
171,1
172,6
173,9
174,7
175,6
176,5
177,2
178,1
179,8
180,2
181,7
182,1
183,2
184,2
185,3
186,3
187,8
188,8
189,7
190,5
191,2
192,4
193,16
194,1
195,8
196,9
197,3
198,7
199,5
200,10
201,1
202,6
203,3
204,8
205,3
206,6
207,11
208,6
209,3
210,1
211,6
212,2
213,12
214,15
215,4
216,1
217,2
218,6
219,14
220,8
221,2
222,1
223,14
224,4
225,6
226,9
227,3
228,2
229,12
230,3
231,6
232,7
233,2
234,2
235,9
236,6
237,1
238,3
239,2
240,1
241,2
242,4
243,2
244,3
245,5
246,4
247,6
248,5
249,4
250,9
251,1
252,1
253,8
254,18
255,5
256,7
257,4
258,6
259,6
260,3
261,2
262,4
263,2
264,2
265,5
266,8
267,4
268,7
269,4
270,1
271,1
272,2
273,10
274,4
275,3
276,8
277,6
278,10
279,1
280,6
281,2
282,3
283,2
284,1
285,8
286,11
287,8
288,7
289,1
290,4
291,2
292,2
293,1
294,3
295,5
296,10
297,5
298,5
299,1
300,3
301,7
302,7
303,2
304,10
305,8
306,1
307,6
308,1
309,5
310,5
311,6
312,8
313,9
314,4
315,2
316,1
317,3
318,7
319,8
320,3
321,6
322,7
323,3
324,10
325,10
326,5
327,2
328,1
329,9
330,10
331,4
332,1
333,9
334,4
335,11
336,3
337,3
338,12
339,2
340,1
341,21
342,1
343,6
344,10
345,1
346,2
347,2
348,1
349,3
350,2
351,6
352,8
353,8
354,5
355,8
356,6
357,7
358,5
359,10
360,1
361,11
362,9
363,10
364,6
365,3
366,8
367,3
368,7
369,4
370,8
371,1
372,2
373,1
374,3
375,1
376,7
377,7
378,1
379,3
380,3
381,5
382,6
383,1
384,3
385,6
386,3
387,1
388,1
389,12
390,3
391,5
392,6
393,4
394,3
395,2
396,3
397,5
398,4
399,5
400,5
401,9
402,2
403,3
404,8
405,7
406,1
407,4
408,5
409,7
410,1
411,3
412,1
413,6
414,5
415,3
416,1
417,7
418,7
419,3
420,4
421,1
422,9
423,8
424,3
425,3
426,4
427,4
428,3
429,6
430,6
431,2
432,9
433,5
434,3
435,10
436,1
437,1
438,3
439,15
440,10
441,2
442,3
443,4
444,2
445,7
446,8
447,3
448,5
449,8
450,4
451,10
452,12
453,12
454,6
455,1
456,8
457,8
458,6
459,5
460,5
461,7
462,7
463,1
464,5
465,2
466,2
467,2
468,7
469,1
470,4
471,9
472,4
473,9
474,18
475,3
476,8
477,5
478,9
479,10
480,7
481,2
482,10
483,5
484,4
485,7
486,6
487,4
488,11
489,5
490,11
491,6
492,6
493,2
494,4
495,3
496,19
497,6
498,4
499,7
500,8
501,6
502,8
503,8
504,2
505,4
506,9
507,1
508,8
509,7
510,4
511,5
512,16
513,5
514,1
515,6
516,4
517,2
518,3
519,4
520,1
521,6
522,2
523,2
524,17
525,1
526,2
527,9
528,6
529,4
530,1
531,8
532,1
533,3
534,1
535,6
536,1
537,2
538,7
539,4
540,1
541,2
542,7
543,6
544,2
545,9
546,18
547,7
548,2
549,4
550,6
551,5
552,7
553,1
554,3
555,8
556,6
557,7
558,13
559,6
560,1
561,12
562,5
563,10
564,4
565,6
566,4
567,4
568,3
569,3
570,16
571,2
572,4
573,7
574,3
575,2
576,5
577,2
578,7
579,8
580,6
581,3
582,1
583,4
584,6
585,6
586,2
587,3
588,3
589,1
590,4
591,1
592,1
593,9
594,3
595,4
596,3
597,5
598,1
599,6
600,3
601,10
602,8
603,2
604,4
605,6
606,6
607,2
608,5
609,1
610,2
611,2
612,6
613,3
614,15
615,3
616,10
617,11
618,4
619,5
620,2
621,6
622,5
623,9
624,2
625,3
626,10
627,6
628,2
629,2
630,6
631,7
632,3
633,1
634,1
635,13
636,1
637,18
638,9
639,5
640,1
641,1
642,13
643,3
644,2
645,10
646,3
647,3
648,8
649,1
650,6
651,11
652,4
653,8
654,11
655,8
656,1
657,5
658,5
659,4
660,8
661,7
662,6
663,2
664,5
665,1
666,2
667,3
668,18
669,1
670,3
671,1
672,10
673,7
674,11
675,5
676,2
677,2
678,3
679,1
680,3
681,5
682,6
683,6
684,5
685,5
686,12
687,9
688,2
689,13
690,6
691,18
692,10
693,1
694,6
695,9
696,10
697,4
698,9
699,2
700,2
701,5
702,3
703,9
704,8
705,1
706,3
707,6
708,6
709,8
710,6
711,3
712,7
713,3
714,6
715,11
716,6
717,3
718,7
719,12
720,6
721,4
722,14
723,2
724,1
725,16
726,2
727,3
728,5
729,2
730,7
731,3
732,8
733,3
734,1
735,9
736,2
737,6
738,1
739,6
740,13
741,9
742,6
743,4
744,6
745,8
746,9
747,1
748,8
749,7
750,10
751,9
752,4
753,1
754,4
755,2
756,10
757,4
758,7
759,8
760,1
761,10
762,7
763,7
764,2
765,3
766,4
767,2
768,5
769,2
770,4
771,7
772,10
773,1
774,6
775,4
776,2
777,2
778,7
779,7
780,3
781,1
782,6
783,5
784,4
785,5
786,6
787,6
788,4
789,10
790,7
791,11
792,8
793,1
794,5
795,1
796,14
797,3
798,4
799,4
800,4
801,1
802,3
803,9
804,5
805,2
806,5
807,4
808,1
809,1
810,5
811,6
812,4
813,5
814,8
815,2
816,1
817,3
818,7
819,2
820,4
821,8
822,8
823,5
824,14
825,9
826,3
827,2
828,3
829,7
830,2
831,4
832,8
833,6
834,3
835,7
836,2
837,6
838,7
839,4
840,6
841,3
842,2
843,4
844,5
845,3
846,4
847,9
848,1
849,6
850,7
851,1
852,5
853,4
854,9
855,6
856,2
857,4
858,5
859,7
860,5
861,12
862,10
863,8
864,2
865,2
866,8
867,4
868,9
869,7
870,7
871,7
872,4
873,4
874,8
875,1
876,4
877,9
878,8
879,3
880,6
881,5
882,8
883,8
884,6
885,9
886,5
887,2
888,3
889,12
890,1
891,13
892,4
893,3
894,7
895,2
896,2
897,6
898,3
899,8
900,1
901,2
902,1
903,1
904,8
905,2
906,2
907,7
908,4
909,2
910,4
911,8
912,11
913,2
914,5
915,3
916,5
917,10
918,2
919,6
920,5
921,1
922,10
923,10
924,10
925,4
926,2
927,2
928,2
929,1
930,9
931,7
932,5
933,8
934,2
935,3
936,7
937,4
938,5
939,4
940,5
941,3
942,3
943,11
944,4
945,5
946,5
947,1
948,6
949,7
950,8
951,7
952,4
953,13
954,4
955,1
956,8
957,5
958,10
959,4
960,8
961,4
962,8
963,4
964,10
965,1
966,7
967,12
968,6
969,5
970,4
971,8
972,9
973,5
974,1
975,2
976,4
977,4
978,10
979,5
980,8
981,13
982,5
983,2
984,9
985,4
986,3
987,6
988,3
989,5
990,5
991,5
992,4
993,4
994,7
995,5
996,8
997,3
998,2
999,9
