repeat,step,material_system,composition,anneal_T_C,actual_overpotential_V,actual_molar_change,hypervolume,n_remaining,posterior,is_target
1,1,Cr-Sb-V-O,"{""Cr"": 0.17709160401394688, ""Sb"": 0.03748912468840394, ""V"": 0.7854192712976492}",550,0.93479,0.262847,1.74329,2287,0.5,False
1,2,Mn-Pd-Zn-O,"{""Mn"": 0.030963692468232024, ""Pd"": 0.7418484037406559, ""Zn"": 0.22718790379111203}",550,0.595813,0.152457,2.508446,2286,0.5,False
1,3,Ag-Ge-Hf-O,"{""Ag"": 0.3050929821814964, ""Ge"": 0.4518108676807637, ""Hf"": 0.24309615013773986}",550,0.877736,0.283928,2.508446,2285,0.5,False
1,4,Al-Cu-Mo-O,"{'Al': 0.8046885549837757, 'Cu': 0.16539696800913126, 'Mo': 0.02991447700709323}",700,1.176629,0.008371,2.508446,2284,0.5,False
1,5,Co-Fe-Zr-O,"{""Co"": 0.8018703801169523, ""Fe"": 0.11821826135892122, ""Zr"": 0.07991135852412652}",550,0.679293,0.141847,2.509201,2283,0.5,False
1,6,Ag-Pb-W-O,"{'Pb': 0.01448, 'W': 0.01292, 'Ag': 0.97259}",0,0.721207,4.595334,2.509201,2282,0.416667,False
1,7,Co-In-Si-O,"{""Co"": 0.7617733124464198, ""In"": 0.23822668755358023}",550,0.797108,0.083522,2.509201,2281,0.416667,False
1,8,Bi-Co-Mo-O,"{'Bi': 0.48584, 'Mo': 0.42966, 'Co': 0.0845}",550,0.918889,0.766835,2.509201,2280,0.3125,False
1,9,Ge-In-Zr-O,"{""Ge"": 0.04891703165441759, ""In"": 0.055296174142146215, ""Zr"": 0.8957867942034362}",550,1.304403,-0.022881,2.509201,2279,0.3125,False
1,10,Fe-Sb-W-O,"{""Fe"": 0.9870133635849067, ""Sb"": 0.012986636415093426, ""W"": 0.0}",550,0.981499,0.013963,2.509201,2278,0.3125,False
1,11,Co-Mn-Ti-O,"{'Co': 0.29958, 'Mn': 0.0857, 'Ti': 0.61473}",550,1.042998,-0.108184,2.509201,2277,0.277778,False
1,12,In-Mn-Pd-O,"{""In"": 0.2751377635220254, ""Mn"": 0.15466258695960994, ""Pd"": 0.5701996495183647}",550,0.74366,0.086365,2.50958,2276,0.238095,False
1,13,Cr-Sb-V-O,"{""Cr"": 0.6052519311913049, ""Sb"": 0.2851284638433104, ""V"": 0.10961960496538474}",550,0.991734,0.271475,2.50958,2275,0.227273,False
1,14,Al-Cu-Mo-O,"{'Al': 0.17549, 'Cu': 0.04471, 'Mo': 0.7798}",550,0.922653,0.08759,2.50958,2274,0.227273,False
1,15,Ag-Ge-Hf-O,"{""Ag"": 0.5664071649341534, ""Ge"": 0.3629017861302668, ""Hf"": 0.07069104893557973}",550,0.835272,0.323715,2.50958,2273,0.208333,False
1,16,Al-Bi-Co-O,"{'Al': 0.06647, 'Co': 0.12172, 'Bi': 0.81181}",700,10.712135,0.053439,2.50958,2272,0.2,False
1,17,Ag-Pb-W-O,"{'Ag': 0.82658, 'Pb': 0.07894, 'W': 0.09448}",0,0.735488,5.27383,2.50958,2271,0.192308,False
1,18,Mn-Pd-Zn-O,"{""Mn"": 0.25137839327036443, ""Pd"": 0.6701247912292412, ""Zn"": 0.07849681550039449}",550,0.790764,0.119208,2.50958,2270,0.185185,False
1,19,Co-Hf-Zr-O,"{""Co"": 0.8373369739746543, ""Hf"": 0.12618943132263527, ""Zr"": 0.0364735947027104}",550,0.638224,0.127863,2.51149,2269,0.172414,False
1,20,Fe-Sb-W-O,"{""Fe"": 0.9906945822095533, ""Sb"": 0.00930541779044675, ""W"": 0.0}",550,0.852106,0.013794,2.51149,2268,0.166667,False
1,21,Ge-In-Zr-O,"{""Ge"": 0.1200085709358178, ""In"": 0.04608136564061053, ""Zr"": 0.8339100634235717}",0,2.029601,0.012206,2.51149,2267,0.15625,False
1,22,Cr-Sb-V-O,"{""Cr"": 0.17012771937160537, ""Sb"": 0.6814042528158016, ""V"": 0.14846802781259302}",550,1.04116,-0.001594,2.51149,2266,0.147059,False
1,23,Al-Cu-Mo-O,"{'Al': 0.7243974788956825, 'Cu': 0.21011711663988522, 'Mo': 0.06548540446443225}",700,0.974694,0.054847,2.51149,2265,0.147059,False
1,24,Co-In-Si-O,"{""Co"": 0.13047479003887047, ""In"": 0.8695252099611296}",550,0.979049,0.304859,2.51149,2264,0.138889,False
1,25,Mn-Pd-Zn-O,"{""Mn"": 0.022538290833470104, ""Pd"": 0.9385379124276367, ""Zn"": 0.0389237967388931}",0,0.498219,0.420031,3.078783,2263,0.135135,False
1,26,Ag-Pb-W-O,"{'Ag': 0.78432, 'Pb': 0.11024, 'W': 0.10545}",0,0.755063,5.028603,3.078783,2262,0.131579,False
1,27,Bi-Co-Sb-O,"{'Sb': 0.001681396044127437, 'Bi': 0.9894158055110208, 'Co': 0.008902798444851708}",0,10.743594,0.9218,3.078783,2261,0.125,False
1,28,Ag-Ge-Hf-O,"{""Ag"": 0.8817307985679647, ""Ge"": 0.0688672848379044, ""Hf"": 0.04940191659413093}",550,0.852746,0.587534,3.078783,2260,0.119048,False
1,29,Co-Mn-Ti-O,"{'Co': 0.42867, 'Mn': 0.10219, 'Ti': 0.46914}",550,1.051797,0.017114,3.078783,2259,0.119048,False
1,30,Al-Cu-Mo-O,"{'Al': 0.09946, 'Cu': 0.8446, 'Mo': 0.05594}",700,10.733297,0.033361,3.078783,2258,0.113636,False
1,31,Fe-Sb-W-O,"{""Fe"": 0.031500662104431344, ""Sb"": 0.0006145557702103202, ""W"": 0.9678847821253583}",550,0.997645,0.037243,3.078783,2257,0.108696,False
1,32,Ge-In-Zr-O,"{""Ge"": 0.8970973568123429, ""In"": 0.0592672205155426, ""Zr"": 0.04363542267211461}",0,0.996152,0.944476,3.078783,2256,0.108696,False
1,33,Co-Mo-Pd-O,"{""Co"": 0.46712440970511276, ""Mo"": 0.43257261908818323, ""Pd"": 0.10030297120670405}",550,0.913474,0.19805,3.078783,2255,0.106383,False
1,34,Cr-Sb-V-O,"{""Cr"": 0.8778116766072086, ""Sb"": 0.0639923724290166, ""V"": 0.05819595096377494}",550,1.045843,0.46884,3.078783,2254,0.104167,False
1,35,Mn-Pd-Zn-O,"{""Mn"": 0.24500564403099445, ""Pd"": 0.5348248424211384, ""Zn"": 0.22016951354786715}",0,0.66287,0.329632,3.078783,2253,0.098039,False
1,36,Ag-Pb-W-O,"{'Pb': 0.706, 'W': 0.0193, 'Ag': 0.27471}",0,0.946989,0.60562,3.078783,2252,0.096154,False
1,37,Al-Bi-Co-O,"{'Al': 0.72113, 'Co': 0.16508, 'Bi': 0.1138}",700,1.157003,0.001218,3.078783,2251,0.096154,False
1,38,Co-Hf-Zr-O,"{""Co"": 0.6502290941944644, ""Hf"": 0.15214844225985744, ""Zr"": 0.1976224635456782}",400,0.685995,0.131136,3.078783,2250,0.090909,False
1,39,In-Mn-Pd-O,"{""In"": 0.17840931338889668, ""Mn"": 0.532916768531654, ""Pd"": 0.2886739180794493}",550,0.604958,0.100223,3.083435,2249,0.089286,False
1,40,Ag-Ge-Hf-O,"{""Ag"": 0.5707439785661409, ""Ge"": 0.14164910790841984, ""Hf"": 0.28760691352543927}",550,0.862892,0.204631,3.083435,2248,0.086207,False
1,41,Al-Cu-Mo-O,"{'Al': 0.19155, 'Cu': 0.06506, 'Mo': 0.74339}",550,0.924533,0.058649,3.083435,2247,0.086207,False
1,42,Cr-Sb-V-O,"{""Cr"": 0.4633498649411894, ""Sb"": 0.03127200721986554, ""V"": 0.505378127838945}",550,0.99986,0.047348,3.083435,2246,0.086207,False
1,43,Co-Fe-Zr-O,"{""Co"": 0.14401301603621566, ""Fe"": 0.07615658830290037, ""Zr"": 0.7798303956608839}",550,1.302123,0.064264,3.083435,2245,0.083333,False
1,44,Co-In-Si-O,"{""Co"": 0.41265182429806424, ""In"": 0.5873481757019358}",550,6.61574,0.005153,3.083435,2244,0.080645,False
1,45,Fe-Sb-W-O,"{""Fe"": 0.10812047158518415, ""Sb"": 0.010708048010886609, ""W"": 0.8811714804039292}",550,0.980521,0.019577,3.083435,2243,0.078125,False
1,46,Mn-Pd-Zn-O,"{""Mn"": 0.12191636134213082, ""Pd"": 0.15293234108304293, ""Zn"": 0.7251512975748262}",550,0.920977,0.654049,3.083435,2242,0.075758,False
1,47,Ge-In-Zr-O,"{""Ge"": 0.2654144551378386, ""In"": 0.3114069132962975, ""Zr"": 0.4231786315658639}",550,1.190178,0.102458,3.083435,2241,0.075758,False
1,48,Ag-Pb-W-O,"{'Pb': 0.03324, 'W': 0.78916, 'Ag': 0.1776}",0,10.603323,0.543147,3.083435,2240,0.075758,False
1,49,Bi-Co-Mo-O,"{'Bi': 0.86654, 'Mo': 0.04046, 'Co': 0.093}",550,0.807925,1.857925,3.083435,2239,0.073529,False
1,50,Co-Mn-Ti-O,"{'Co': 0.69648, 'Mn': 0.04151, 'Ti': 0.26201}",550,0.786523,0.039716,3.083435,2238,0.071429,False
2,1,Mn-Pd-Zn-O,"{""Mn"": 0.05641840501494038, ""Pd"": 0.3288560546278727, ""Zn"": 0.614725540357187}",550,0.591823,0.544183,2.476882,2287,0.5,False
2,2,Al-Cu-Mo-O,"{'Al': 0.04351, 'Cu': 0.01847, 'Mo': 0.93802}",550,0.945614,0.12888,2.476882,2286,0.5,False
2,3,Bi-Co-Sb-O,"{'Sb': 0.01383, 'Bi': 0.24333, 'Co': 0.74285}",0,0.925537,0.473255,2.476882,2285,0.5,False
2,4,Ge-In-Zr-O,"{""Ge"": 0.09045978146658289, ""In"": 0.035155335547715716, ""Zr"": 0.8743848829857015}",0,1.783471,0.033872,2.476882,2284,0.5,False
2,5,Ag-Pb-W-O,"{'Pb': 0.71578, 'W': 0.0241, 'Ag': 0.26012}",0,0.777279,0.481257,2.476882,2283,0.5,False
2,6,Cr-Sb-V-O,"{""Cr"": 0.7703518803307682, ""Sb"": 0.14360634323891677, ""V"": 0.08604177643031505}",550,0.994283,0.338251,2.476882,2282,0.416667,False
2,7,Co-Mn-Ti-O,"{'Co': 0.10236, 'Mn': 0.06588, 'Ti': 0.83176}",700,1.129037,0.030729,2.476882,2281,0.357143,False
2,8,Ag-Ge-Hf-O,"{""Ag"": 0.11393433443042443, ""Ge"": 0.5369023704010739, ""Hf"": 0.3491632951685017}",550,1.046681,0.298677,2.476882,2280,0.357143,False
2,9,Fe-Sb-W-O,"{'Sb': 0.0029014794310840216, 'W': 0.7173276382546246, 'Fe': 0.27977088231429137}",0,0.961015,0.122832,2.476882,2279,0.3125,False
2,10,Co-In-Si-O,"{""Co"": 0.11722573539700111, ""In"": 0.8827742646029989}",0,1.108296,0.32383,2.476882,2278,0.3125,False
2,11,Al-Cu-Mo-O,"{'Al': 0.10674, 'Cu': 0.42299, 'Mo': 0.47028}",550,0.941847,0.157727,2.476882,2277,0.25,False
2,12,Co-Hf-Zr-O,"{""Co"": 0.4428792864351971, ""Hf"": 0.4716977830540134, ""Zr"": 0.08542293051078953}",400,0.860897,0.145768,2.476882,2276,0.25,False
2,13,In-Mn-Pd-O,"{""In"": 0.30224067434347124, ""Mn"": 0.22134199218618597, ""Pd"": 0.4764173334703427}",0,0.72277,0.165449,2.481455,2275,0.238095,False
2,14,Cr-Sb-V-O,"{""Cr"": 0.9209908260251566, ""Sb"": 0.03109792906250422, ""V"": 0.04791124491233919}",0,0.994164,0.755616,2.481455,2274,0.208333,False
2,15,Ag-Pb-W-O,"{'Pb': 0.01448, 'W': 0.01292, 'Ag': 0.97259}",0,0.721207,4.595334,2.481455,2273,0.208333,False
2,16,Al-Bi-Co-O,"{'Al': 0.13412, 'Co': 0.22516, 'Bi': 0.64072}",550,10.713288,0.008024,2.481455,2272,0.2,False
2,17,Mn-Pd-Zn-O,"{""Mn"": 0.37238337092788415, ""Pd"": 0.4596912762164277, ""Zn"": 0.1679253528556881}",550,0.655162,0.232459,2.502125,2271,0.185185,False
2,18,Co-Fe-Zr-O,"{""Co"": 0.3985761792729648, ""Fe"": 0.048060360307876734, ""Zr"": 0.5533634604191585}",550,1.074075,-0.037673,2.502125,2270,0.185185,False
2,19,Ag-Ge-Hf-O,"{""Ag"": 0.18389648720190185, ""Ge"": 0.7390905604272578, ""Hf"": 0.07701295237084035}",550,0.902085,0.522089,2.502125,2269,0.178571,False
2,20,Al-Cu-Mo-O,"{'Al': 0.71471, 'Cu': 0.0843, 'Mo': 0.201}",550,1.542228,0.000368,2.502125,2268,0.15625,False
2,21,Ge-In-Zr-O,"{""Ge"": 0.09749930041978014, ""In"": 0.8169526394868271, ""Zr"": 0.08554806009339279}",550,1.117609,0.252872,2.502125,2267,0.15625,False
2,22,Fe-Sb-W-O,"{""Fe"": 0.053281706630836645, ""Sb"": 0.0030477721923588526, ""W"": 0.9436705211768045}",550,1.027596,-0.024967,2.502125,2266,0.15625,False
2,23,Bi-Co-Mo-O,"{'Bi': 0.86976, 'Mo': 0.048, 'Co': 0.08225}",0,1.002291,1.553922,2.502125,2265,0.147059,False
2,24,Cr-Sb-V-O,"{""Cr"": 0.6844141236560437, ""Sb"": 0.22855022066615346, ""V"": 0.08703565567780285}",550,0.967025,0.275477,2.502125,2264,0.138889,False
2,25,Mn-Pd-Zn-O,"{""Mn"": 0.25137839327036443, ""Pd"": 0.6701247912292412, ""Zn"": 0.07849681550039449}",550,0.790764,0.119208,2.502125,2263,0.135135,False
2,26,Co-In-Si-O,"{""Co"": 0.4970514872497725, ""In"": 0.5029485127502274}",550,6.575998,0.014171,2.502125,2262,0.131579,False
2,27,Ag-Pb-W-O,"{'Pb': 0.03324, 'W': 0.78916, 'Ag': 0.1776}",0,10.603323,0.543147,2.502125,2261,0.131579,False
2,28,Ag-Ge-Hf-O,"{""Ag"": 0.07793562146429024, ""Ge"": 0.06741493403200992, ""Hf"": 0.8546494445036998}",550,1.362289,0.017747,2.502125,2260,0.119048,False
2,29,Co-Mn-Ti-O,"{'Co': 0.24773, 'Mn': 0.41338, 'Ti': 0.33889}",550,0.867992,0.052138,2.502125,2259,0.119048,False
2,30,Al-Cu-Mo-O,"{'Al': 0.512, 'Cu': 0.10034, 'Mo': 0.38767}",550,1.062437,0.003599,2.502125,2258,0.113636,False
2,31,Ge-In-Zr-O,"{""Ge"": 0.1265668635632442, ""In"": 0.18202001994447975, ""Zr"": 0.691413116492276}",550,1.443065,0.043143,2.502125,2257,0.108696,False
2,32,Fe-Sb-W-O,"{'W': 0.4720284224772885, 'Sb': 0.0008992828421653048, 'Fe': 0.5270722946805462}",0,0.725551,0.115564,2.503369,2256,0.108696,False
2,33,Co-Mo-Pd-O,"{""Co"": 0.3857356210377804, ""Mo"": 0.3189203991709539, ""Pd"": 0.2953439797912657}",550,0.869415,0.166186,2.503369,2255,0.106383,False
2,34,Cr-Sb-V-O,"{""Cr"": 0.2623272524292542, ""Sb"": 0.16129772930738046, ""V"": 0.5763750182633655}",550,0.882876,0.232063,2.503369,2254,0.104167,False
2,35,In-Mn-Pd-O,"{""In"": 0.2751377635220254, ""Mn"": 0.15466258695960994, ""Pd"": 0.5701996495183647}",550,0.74366,0.086365,2.503568,2253,0.098039,False
2,36,Al-Bi-Co-O,"{'Al': 0.04259, 'Co': 0.75396, 'Bi': 0.20345}",550,0.937983,0.051994,2.503568,2252,0.096154,False
2,37,Ag-Pb-W-O,"{'Ag': 0.7758, 'Pb': 0.0818, 'W': 0.1424}",0,0.781789,6.232821,2.503568,2251,0.096154,False
2,38,Co-Fe-Zr-O,"{""Co"": 0.7477091001028715, ""Fe"": 0.13815719869083098, ""Zr"": 0.1141337012062974}",550,0.676735,0.096884,2.510338,2250,0.090909,False
2,39,Mn-Pd-Zn-O,"{""Mn"": 0.05159288682126927, ""Pd"": 0.8905690758920519, ""Zn"": 0.05783803728667873}",550,0.576482,0.022747,2.648553,2249,0.089286,True
2,40,Mn-Pd-Zn-O,"{""Mn"": 0.01785209824110034, ""Pd"": 0.9522700654484872, ""Zn"": 0.029877836310412426}",0,0.466356,0.432227,3.287352,2248,0.227273,False
2,41,Mn-Pd-Zn-O,"{""Mn"": 0.030963692468232024, ""Pd"": 0.7418484037406559, ""Zn"": 0.22718790379111203}",550,0.595813,0.152457,3.287352,2247,0.197368,False
2,42,Mn-Pd-Zn-O,"{""Mn"": 0.02407498785080497, ""Pd"": 0.9282068625857727, ""Zn"": 0.047718149563422387}",0,0.583783,0.374476,3.287352,2246,0.174419,False
2,43,Mn-Pd-Zn-O,"{""Mn"": 0.0361211644589684, ""Pd"": 0.9294179146764211, ""Zn"": 0.034460920864610466}",550,0.575991,0.019029,3.288202,2245,0.15625,True
2,44,Mn-Pd-Zn-O,"{""Mn"": 0.06432334826098404, ""Pd"": 0.5132559224814411, ""Zn"": 0.42242072925757485}",550,0.563943,0.39971,3.288594,2244,0.235849,False
2,45,Mn-Pd-Zn-O,"{""Mn"": 0.06277842079279056, ""Pd"": 0.2242773871354308, ""Zn"": 0.7129441920717786}",550,0.869945,0.788671,3.288594,2243,0.215517,False
2,46,Mn-Pd-Zn-O,"{""Mn"": 0.24500564403099445, ""Pd"": 0.5348248424211384, ""Zn"": 0.22016951354786715}",0,0.66287,0.329632,3.288594,2242,0.198413,False
2,47,Mn-Pd-Zn-O,"{""Mn"": 0.11364929145171776, ""Pd"": 0.6025836331796812, ""Zn"": 0.283767075368601}",550,0.584222,0.268036,3.288594,2241,0.183824,False
2,48,Mn-Pd-Zn-O,"{""Mn"": 0.26419546247058057, ""Pd"": 0.36190843804316447, ""Zn"": 0.3738960994862549}",550,0.638504,0.318618,3.288594,2240,0.171233,False
2,49,Mn-Pd-Zn-O,"{""Mn"": 0.029911545412902512, ""Pd"": 0.7952604223498129, ""Zn"": 0.1748280322372846}",550,0.58881,0.137559,3.288594,2239,0.160256,False
2,50,Mn-Pd-Zn-O,"{""Mn"": 0.6470714457389513, ""Pd"": 0.14434532940821743, ""Zn"": 0.20858322485283123}",550,0.923317,0.390794,3.288594,2238,0.150602,False
3,1,Co-Fe-Zr-O,"{""Co"": 0.267520693726514, ""Fe"": 0.6033191358382478, ""Zr"": 0.12916017043523817}",0,0.916969,0.29838,1.74329,2287,0.5,False
3,2,In-Mn-Pd-O,"{""In"": 0.019076258686735462, ""Mn"": 0.7665885641674777, ""Pd"": 0.2143351771457868}",550,0.546155,0.205715,2.799505,2286,0.5,False
3,3,Ag-Pb-W-O,"{'Pb': 0.04792, 'W': 0.73663, 'Ag': 0.21544}",0,6.239566,0.596229,2.799505,2285,0.5,False
3,4,Al-Cu-Mo-O,"{'Al': 0.0418, 'Cu': 0.00592, 'Mo': 0.95228}",550,0.961222,0.148512,2.799505,2284,0.5,False
3,5,Cr-Sb-V-O,"{""Cr"": 0.734176424731226, ""Sb"": 0.08300758042492334, ""V"": 0.18281599484385072}",550,1.009385,0.334807,2.799505,2283,0.5,False
3,6,Ag-Ge-Hf-O,"{""Ag"": 0.04065863368081608, ""Ge"": 0.01850495645793528, ""Hf"": 0.9408364098612486}",550,1.228053,-0.038478,2.799505,2282,0.416667,False
3,7,Bi-Co-Mo-O,"{'Bi': 0.66403, 'Mo': 0.05292, 'Co': 0.28305}",550,0.755534,0.826783,2.799505,2281,0.357143,False
3,8,Mn-Pd-Zn-O,"{""Mn"": 0.05641840501494038, ""Pd"": 0.3288560546278727, ""Zn"": 0.614725540357187}",550,0.591823,0.544183,2.799505,2280,0.333333,False
3,9,Ge-In-Zr-O,"{""Ge"": 0.2506907572531559, ""In"": 0.47429893477826207, ""Zr"": 0.27501030796858195}",550,1.081707,0.211017,2.799505,2279,0.3125,False
3,10,Fe-Sb-W-O,"{""Fe"": 0.1632301339884399, ""Sb"": 0.003950263601015167, ""W"": 0.8328196024105449}",550,1.276302,0.009644,2.799505,2278,0.3125,False
3,11,Co-Mn-Ti-O,"{'Co': 0.34776, 'Mn': 0.34641, 'Ti': 0.30583}",550,0.895338,0.016712,2.799505,2277,0.277778,False
3,12,Co-In-Si-O,"{""Co"": 0.6563683348714394, ""In"": 0.3436316651285607}",550,8.965968,0.007869,2.799505,2276,0.25,False
3,13,Al-Cu-Mo-O,"{'Al': 0.2019, 'Cu': 0.48579, 'Mo': 0.3123}",550,0.939365,0.113748,2.799505,2275,0.227273,False
3,14,Cr-Sb-V-O,"{""Cr"": 0.17709160401394688, ""Sb"": 0.03748912468840394, ""V"": 0.7854192712976492}",550,0.93479,0.262847,2.799505,2274,0.227273,False
3,15,Ag-Ge-Hf-O,"{""Ag"": 0.07432777271443858, ""Ge"": 0.09889151028466524, ""Hf"": 0.8267807170008962}",550,1.183544,0.006684,2.799505,2273,0.208333,False
3,16,Al-Bi-Co-O,"{'Al': 0.45367, 'Co': 0.41541, 'Bi': 0.13093}",550,1.01566,0.043363,2.799505,2272,0.2,False
3,17,Ag-Pb-W-O,"{'Ag': 0.78432, 'Pb': 0.11024, 'W': 0.10545}",0,0.755063,5.028603,2.799505,2271,0.192308,False
3,18,Mn-Pd-Zn-O,"{""Mn"": 0.25137839327036443, ""Pd"": 0.6701247912292412, ""Zn"": 0.07849681550039449}",550,0.790764,0.119208,2.799505,2270,0.185185,False
3,19,Co-Hf-Zr-O,"{""Co"": 0.9544679253365075, ""Hf"": 0.03729647256231155, ""Zr"": 0.008235602101180992}",550,0.630033,0.073985,2.815372,2269,0.172414,False
3,20,Fe-Sb-W-O,"{""Fe"": 0.2018083758617847, ""Sb"": 0.007276880436754711, ""W"": 0.7909147437014605}",550,10.663462,0.00714,2.815372,2268,0.166667,False
3,21,Ge-In-Zr-O,"{""Ge"": 0.4376013431364121, ""In"": 0.1212934158973133, ""Zr"": 0.44110524096627457}",550,1.569303,0.143356,2.815372,2267,0.15625,False
3,22,Cr-Sb-V-O,"{""Cr"": 0.9325805033556709, ""Sb"": 0.024812870181497013, ""V"": 0.0426066264628322}",0,0.968542,0.829954,2.815372,2266,0.147059,False
3,23,Al-Cu-Mo-O,"{'Al': 0.7488736789913588, 'Cu': 0.09187148485045186, 'Mo': 0.15925483615818936}",550,1.066638,0.073251,2.815372,2265,0.147059,False
3,24,Co-In-Si-O,"{""Co"": 0.368458171964495, ""In"": 0.6315418280355051}",550,0.988909,0.129679,2.815372,2264,0.138889,False
3,25,Mn-Pd-Zn-O,"{""Mn"": 0.05266659015216484, ""Pd"": 0.06675385250498922, ""Zn"": 0.8805795573428459}",0,1.225981,1.08186,2.815372,2263,0.135135,False
3,26,Ag-Pb-W-O,"{'Pb': 0.6253, 'W': 0.02941, 'Ag': 0.34529}",0,0.767558,0.593955,2.815372,2262,0.131579,False
3,27,Bi-Co-Sb-O,"{'Sb': 0.0039, 'Bi': 0.93976, 'Co': 0.05635}",550,0.805823,2.003166,2.815372,2261,0.125,False
3,28,Ag-Ge-Hf-O,"{""Ag"": 0.5538213354644208, ""Ge"": 0.0986939469351682, ""Hf"": 0.347484717600411}",550,0.905819,0.126314,2.815372,2260,0.119048,False
3,29,Co-Mn-Ti-O,"{'Co': 0.28123, 'Mn': 0.60336, 'Ti': 0.11541}",550,0.927213,0.144755,2.815372,2259,0.119048,False
3,30,Al-Cu-Mo-O,"{'Al': 0.02084, 'Cu': 0.0354, 'Mo': 0.94376}",550,0.939032,0.126514,2.815372,2258,0.113636,False
3,31,Fe-Sb-W-O,"{""Fe"": 0.05180786321207896, ""Sb"": 0.00031274519912333746, ""W"": 0.9478793915887976}",550,10.664441,-0.01048,2.815372,2257,0.108696,False
3,32,Ge-In-Zr-O,"{""Ge"": 0.1967155683499317, ""In"": 0.037804538707849375, ""Zr"": 0.7654798929422189}",550,1.566082,0.036289,2.815372,2256,0.108696,False
3,33,Co-Mo-Pd-O,"{""Co"": 0.4791149999051246, ""Mo"": 0.4133893918249628, ""Pd"": 0.10749560826991253}",550,0.915891,0.205456,2.815372,2255,0.106383,False
3,34,Cr-Sb-V-O,"{""Cr"": 0.3216409191154887, ""Sb"": 0.15598025106926577, ""V"": 0.5223788298152454}",550,0.939806,0.201233,2.815372,2254,0.104167,False
3,35,Mn-Pd-Zn-O,"{""Mn"": 0.23522951705889397, ""Pd"": 0.4399245973610255, ""Zn"": 0.3248458855800806}",550,0.61901,0.335017,2.815372,2253,0.098039,False
3,36,Al-Bi-Co-O,"{'Al': 0.0347, 'Co': 0.15887, 'Bi': 0.80643}",550,10.712622,0.121967,2.815372,2252,0.096154,False
3,37,Ag-Pb-W-O,"{'Ag': 0.82658, 'Pb': 0.07894, 'W': 0.09448}",0,0.735488,5.27383,2.815372,2251,0.096154,False
3,38,Co-Fe-Zr-O,"{""Co"": 0.2557642396999606, ""Fe"": 0.07128321231398606, ""Zr"": 0.6729525479860534}",550,0.89982,0.031502,2.815372,2250,0.090909,False
3,39,In-Mn-Pd-O,"{""In"": 0.07023121592726059, ""Mn"": 0.27670140169429713, ""Pd"": 0.6530673823784422}",550,0.507365,0.090649,3.063275,2249,0.089286,True
3,40,In-Mn-Pd-O,"{""In"": 0.32896188337225674, ""Mn"": 0.26423614068875634, ""Pd"": 0.40680197593898687}",0,0.694238,0.144329,3.063275,2248,0.227273,False
3,41,In-Mn-Pd-O,"{""In"": 0.13954616380714097, ""Mn"": 0.6422981138632722, ""Pd"": 0.21815572232958683}",550,0.607199,0.105084,3.063275,2247,0.197368,False
3,42,In-Mn-Pd-O,"{""In"": 0.09571536581703892, ""Mn"": 0.25730804212694447, ""Pd"": 0.6469765920560167}",0,0.593006,0.321881,3.063275,2246,0.174419,False
3,43,In-Mn-Pd-O,"{""In"": 0.08788896855855852, ""Mn"": 0.07408525184201467, ""Pd"": 0.8380257795994268}",550,0.572501,0.045708,3.069266,2245,0.15625,True
3,44,In-Mn-Pd-O,"{""In"": 0.06362177649416619, ""Mn"": 0.026066824590301282, ""Pd"": 0.9103113989155325}",0,0.580115,0.646838,3.069266,2244,0.235849,False
3,45,In-Mn-Pd-O,"{""In"": 0.05784410646262761, ""Mn"": 0.028938087027910276, ""Pd"": 0.9132178065094622}",550,0.562457,0.02403,3.073794,2243,0.215517,True
3,46,In-Mn-Pd-O,"{""In"": 0.04425727114758724, ""Mn"": 0.7938268917206271, ""Pd"": 0.16191583713178564}",550,0.546871,0.19208,3.073794,2242,0.277778,False
3,47,In-Mn-Pd-O,"{""In"": 0.09775736023697856, ""Mn"": 0.7060988265887281, ""Pd"": 0.19614381317429339}",550,0.622227,0.106921,3.073794,2241,0.257353,False
3,48,In-Mn-Pd-O,"{""In"": 0.09765043768859957, ""Mn"": 0.21338520725684687, ""Pd"": 0.6889643550545536}",0,0.59123,0.344503,3.073794,2240,0.239726,False
3,49,In-Mn-Pd-O,"{""In"": 0.14936205447243683, ""Mn"": 0.2076901438187493, ""Pd"": 0.6429478017088139}",550,0.584246,0.105546,3.073794,2239,0.224359,False
3,50,In-Mn-Pd-O,"{""In"": 0.03713790635536924, ""Mn"": 0.015349167470548382, ""Pd"": 0.9475129261740823}",550,0.554892,-0.046614,3.088116,2238,0.210843,True
4,1,Cr-Sb-V-O,"{""Cr"": 0.20118877000302662, ""Sb"": 0.6968439804372832, ""V"": 0.10196724955969018}",550,1.019573,0.02812,1.74329,2287,0.5,False
4,2,Co-Fe-Zr-O,"{""Co"": 0.07270695841674286, ""Fe"": 0.02913197481998264, ""Zr"": 0.8981610667632746}",550,1.668189,0.017245,1.74329,2286,0.5,False
4,3,Al-Cu-Mo-O,"{'Al': 0.23602, 'Cu': 0.10021, 'Mo': 0.66377}",550,0.955414,0.052327,1.74329,2285,0.5,False
4,4,Ag-Ge-Hf-O,"{""Ag"": 0.89728148964178, ""Ge"": 0.036587121797811685, ""Hf"": 0.06613138856040833}",550,1.00083,0.669601,1.74329,2284,0.5,False
4,5,Mn-Pd-Zn-O,"{""Mn"": 0.19158279758412083, ""Pd"": 0.6317344866506841, ""Zn"": 0.17668271576519506}",0,0.71483,0.188704,1.783486,2283,0.5,False
4,6,Co-In-Si-O,"{""Co"": 0.6604064102820361, ""In"": 0.33959358971796394}",0,6.579802,0.011978,1.783486,2282,0.416667,False
4,7,Ag-Pb-W-O,"{'Pb': 0.0164, 'W': 0.01779, 'Ag': 0.96581}",0,0.731926,4.494955,1.783486,2281,0.416667,False
4,8,Fe-Sb-W-O,"{""Fe"": 0.9902852139523443, ""Sb"": 0.009714786047655731, ""W"": 0.0}",550,0.804062,0.023086,1.783486,2280,0.3125,False
4,9,Co-Mn-Ti-O,"{'Co': 0.33208, 'Mn': 0.02544, 'Ti': 0.64248}",700,1.102642,0.000759,1.783486,2279,0.3125,False
4,10,Ge-In-Zr-O,"{""Ge"": 0.05963219807413245, ""In"": 0.12100596026232835, ""Zr"": 0.8193618416635392}",550,1.323159,0.008723,1.783486,2278,0.3125,False
4,11,Bi-Co-Mo-O,"{'Bi': 0.60387, 'Mo': 0.36708, 'Co': 0.02905}",0,1.394536,1.002254,1.783486,2277,0.277778,False
4,12,In-Mn-Pd-O,"{""In"": 0.07775666649006174, ""Mn"": 0.3066161909085832, ""Pd"": 0.615627142601355}",0,0.610855,0.190901,2.411698,2276,0.238095,False
4,13,Cr-Sb-V-O,"{""Cr"": 0.8199734968188661, ""Sb"": 0.08905498378917694, ""V"": 0.09097151939195702}",550,1.018258,0.421415,2.411698,2275,0.227273,False
4,14,Al-Cu-Mo-O,"{'Al': 0.78809, 'Cu': 0.12748, 'Mo': 0.08443}",550,1.303934,0.015753,2.411698,2274,0.227273,False
4,15,Ag-Ge-Hf-O,"{""Ag"": 0.13487158213059594, ""Ge"": 0.4206187109251542, ""Hf"": 0.4445097069442499}",550,1.267719,0.22559,2.411698,2273,0.208333,False
4,16,Al-Bi-Co-O,"{'Al': 0.1549, 'Co': 0.30732, 'Bi': 0.53777}",550,10.673683,0.015804,2.411698,2272,0.2,False
4,17,Ag-Pb-W-O,"{'Ag': 0.78432, 'Pb': 0.11024, 'W': 0.10545}",0,0.755063,5.028603,2.411698,2271,0.192308,False
4,18,Mn-Pd-Zn-O,"{""Mn"": 0.26419546247058057, ""Pd"": 0.36190843804316447, ""Zn"": 0.3738960994862549}",550,0.638504,0.318618,2.411698,2270,0.185185,False
4,19,Co-Hf-Zr-O,"{""Co"": 0.47305078606616285, ""Hf"": 0.25455011373115344, ""Zr"": 0.2723991002026837}",400,0.885714,0.077135,2.411698,2269,0.172414,False
4,20,Fe-Sb-W-O,"{""Fe"": 0.006095035120344575, ""Sb"": 0.001032866725453872, ""W"": 0.9928720981542015}",550,1.308235,0.063419,2.411698,2268,0.166667,False
4,21,Ge-In-Zr-O,"{""Ge"": 0.1544846440346349, ""In"": 0.786186500151785, ""Zr"": 0.059328855813579946}",550,0.962346,0.818889,2.411698,2267,0.15625,False
4,22,Cr-Sb-V-O,"{""Cr"": 0.4496473173012819, ""Sb"": 0.26294560740467543, ""V"": 0.2874070752940427}",550,1.007804,0.227237,2.411698,2266,0.147059,False
4,23,Al-Cu-Mo-O,"{'Al': 0.78865, 'Cu': 0.10046, 'Mo': 0.1109}",550,1.514008,-0.000489,2.411698,2265,0.147059,False
4,24,Co-Mn-Ti-O,"{'Co': 0.83535, 'Mn': 0.06763, 'Ti': 0.09703}",550,0.732427,0.076881,2.413718,2264,0.138889,False
4,25,Co-In-Si-O,"{""Co"": 0.36150915294342767, ""In"": 0.6384908470565722}",550,0.981351,0.126881,2.413718,2263,0.131579,False
4,26,Ag-Pb-W-O,"{'Pb': 0.0633, 'W': 0.72491, 'Ag': 0.21179}",0,6.100032,0.602368,2.413718,2262,0.131579,False
4,27,Mn-Pd-Zn-O,"{""Mn"": 0.036468431515401606, ""Pd"": 0.09498628688204308, ""Zn"": 0.8685452816025553}",550,0.924627,1.359957,2.413718,2261,0.128205,False
4,28,Ag-Ge-Hf-O,"{""Ag"": 0.5882819965614804, ""Ge"": 0.17466953587630907, ""Hf"": 0.2370484675622105}",0,0.975241,0.432022,2.413718,2260,0.119048,False
4,29,Bi-Co-Sb-O,"{'Sb': 0.00511, 'Bi': 0.78391, 'Co': 0.21099}",550,0.834769,0.28854,2.413718,2259,0.119048,False
4,30,Al-Cu-Mo-O,"{'Al': 0.51836, 'Cu': 0.27512, 'Mo': 0.20652}",550,1.088528,0.037533,2.413718,2258,0.113636,False
4,31,Fe-Sb-W-O,"{'Sb': 0.016817723136900834, 'W': 0.916062585505748, 'Fe': 0.06711969135735119}",0,0.939649,0.029534,2.413718,2257,0.108696,False
4,32,Ge-In-Zr-O,"{""Ge"": 0.04206228851584749, ""In"": 0.022679483746825782, ""Zr"": 0.9352582277373267}",550,1.237902,0.019931,2.413718,2256,0.108696,False
4,33,Co-Mo-Pd-O,"{""Co"": 0.037560566516235266, ""Mo"": 0.026989012883833388, ""Pd"": 0.9354504205999313}",550,0.652227,-0.022575,2.432596,2255,0.106383,False
4,34,Cr-Sb-V-O,"{""Cr"": 0.7263527429064485, ""Sb"": 0.12235987920992338, ""V"": 0.15128737788362814}",0,0.973956,0.314368,2.432596,2254,0.104167,False
4,35,In-Mn-Pd-O,"{""In"": 0.028990258354419284, ""Mn"": 0.03693590282476674, ""Pd"": 0.934073838820814}",550,0.531315,-0.136319,2.985119,2253,0.098039,True
4,36,In-Mn-Pd-O,"{""In"": 0.03829737847977238, ""Mn"": 0.021671502319797566, ""Pd"": 0.94003111920043}",0,0.450141,0.73971,3.431021,2252,0.245902,False
4,37,In-Mn-Pd-O,"{""In"": 0.34809083517660677, ""Mn"": 0.4123490221533221, ""Pd"": 0.2395601426700711}",550,0.71977,0.078869,3.431021,2251,0.211268,False
4,38,In-Mn-Pd-O,"{""In"": 0.17840931338889668, ""Mn"": 0.532916768531654, ""Pd"": 0.2886739180794493}",550,0.604958,0.100223,3.431021,2250,0.185185,False
4,39,In-Mn-Pd-O,"{""In"": 0.33966068986042264, ""Mn"": 0.4275171395213902, ""Pd"": 0.23282217061818725}",550,0.673662,0.098734,3.431021,2249,0.164835,False
4,40,In-Mn-Pd-O,"{""In"": 0.14936205447243683, ""Mn"": 0.2076901438187493, ""Pd"": 0.6429478017088139}",550,0.584246,0.105546,3.431021,2248,0.148515,False
4,41,In-Mn-Pd-O,"{""In"": 0.05021822544889951, ""Mn"": 0.5238487840934755, ""Pd"": 0.42593299045762506}",550,0.521999,0.133746,3.436666,2247,0.135135,False
4,42,In-Mn-Pd-O,"{""In"": 0.33238572777481723, ""Mn"": 0.31711498462046817, ""Pd"": 0.3504992876047146}",550,0.747651,0.119754,3.436666,2246,0.123967,False
4,43,In-Mn-Pd-O,"{""In"": 0.12669507241346578, ""Mn"": 0.2731046362684877, ""Pd"": 0.6002002913180464}",550,0.573808,0.052957,3.436666,2245,0.114504,True
4,44,In-Mn-Pd-O,"{""In"": 0.06314132356524435, ""Mn"": 0.1347090477130088, ""Pd"": 0.8021496287217468}",550,0.509622,0.031273,3.446389,2244,0.177305,True
4,45,In-Mn-Pd-O,"{""In"": 0.04878776822910443, ""Mn"": 0.2879258484740704, ""Pd"": 0.6632863832968252}",550,0.495034,-0.075646,3.460603,2243,0.231788,True
4,46,In-Mn-Pd-O,"{""In"": 0.3030841825770378, ""Mn"": 0.23648063450480195, ""Pd"": 0.46043518291816027}",0,0.673578,0.169004,3.460603,2242,0.279503,False
4,47,In-Mn-Pd-O,"{""In"": 0.28985393550867283, ""Mn"": 0.1965331105863635, ""Pd"": 0.5136129539049638}",550,0.631926,0.06893,3.460603,2241,0.263158,False
4,48,In-Mn-Pd-O,"{""In"": 0.024548097272416972, ""Mn"": 0.8318328689345476, ""Pd"": 0.1436190337930354}",0,0.734397,0.271452,3.460603,2240,0.248619,False
4,49,In-Mn-Pd-O,"{""In"": 0.09775736023697856, ""Mn"": 0.7060988265887281, ""Pd"": 0.19614381317429339}",550,0.622227,0.106921,3.460603,2239,0.235602,False
4,50,In-Mn-Pd-O,"{""In"": 0.07023121592726059, ""Mn"": 0.27670140169429713, ""Pd"": 0.6530673823784422}",550,0.507365,0.090649,3.460603,2238,0.223881,True
5,1,Al-Cu-Mo-O,"{'Al': 0.19155, 'Cu': 0.06506, 'Mo': 0.74339}",550,0.924533,0.058649,1.74329,2287,0.5,False
5,2,Fe-Sb-W-O,"{""Fe"": 0.3510526090561288, ""Sb"": 0.00856966205468074, ""W"": 0.6403777288891904}",550,1.146781,0.10779,1.74329,2286,0.5,False
5,3,Mn-Pd-Zn-O,"{""Mn"": 0.04634825199718289, ""Pd"": 0.1007530021675263, ""Zn"": 0.8528987458352908}",0,1.056441,1.214834,1.74329,2285,0.5,False
5,4,Co-In-Zr-O,"{""Co"": 0.22231618277620324, ""In"": 0.697524750524805, ""Zr"": 0.08015906669899185}",0,1.011009,0.52569,1.74329,2284,0.5,False
5,5,Ag-Ge-Hf-O,"{""Ag"": 0.5360353024508191, ""Ge"": 0.37757741871071343, ""Hf"": 0.0863872788384675}",550,0.827776,0.366686,1.74329,2283,0.5,False
5,6,Cr-Sb-V-O,"{""Cr"": 0.37774549620064435, ""Sb"": 0.04065267327442222, ""V"": 0.5816018305249334}",550,0.961967,0.241306,1.74329,2282,0.416667,False
5,7,Co-Mn-Ti-O,"{'Co': 0.38629, 'Mn': 0.13813, 'Ti': 0.47559}",700,0.869254,0.123859,1.74329,2281,0.357143,False
5,8,Ag-Pb-W-O,"{'Pb': 0.01448, 'W': 0.01292, 'Ag': 0.97259}",0,0.721207,4.595334,1.74329,2280,0.357143,False
5,9,Al-Bi-Co-O,"{'Al': 0.38111, 'Co': 0.54672, 'Bi': 0.07217}",700,10.663129,0.057762,1.74329,2279,0.3125,False
5,10,Ge-In-Zr-O,"{""Ge"": 0.07275970416147519, ""In"": 0.5268012774218429, ""Zr"": 0.4004390184166819}",550,1.136611,0.023392,1.74329,2278,0.294118,False
5,11,Co-Mo-Pd-O,"{""Co"": 0.5015104722829535, ""Mo"": 0.17210327669887596, ""Pd"": 0.3263862510181704}",550,0.702008,0.185002,1.861163,2277,0.25,False
5,12,Cr-Sb-V-O,"{""Cr"": 0.7699003762187953, ""Sb"": 0.03133134979371429, ""V"": 0.19876827398749042}",550,1.021823,0.318223,1.861163,2276,0.227273,False
5,13,Co-In-Si-O,"{""Co"": 0.2910291158938005, ""In"": 0.7089708841061996}",550,1.110882,0.114977,1.861163,2275,0.217391,False
5,14,Al-Cu-Mo-O,"{'Al': 0.22305, 'Cu': 0.50511, 'Mo': 0.27183}",700,0.984923,0.019498,1.861163,2274,0.208333,False
5,15,Ag-Ge-Hf-O,"{""Ag"": 0.10549413013748543, ""Ge"": 0.12875012850681772, ""Hf"": 0.7657557413556969}",550,1.165799,0.061425,1.861163,2273,0.208333,False
5,16,Mn-Pd-Zn-O,"{""Mn"": 0.03629494561225838, ""Pd"": 0.8412858917019967, ""Zn"": 0.12241916268574478}",550,0.593582,0.112993,2.528203,2272,0.208333,False
5,17,Ag-Pb-W-O,"{'Pb': 0.04792, 'W': 0.73663, 'Ag': 0.21544}",0,6.239566,0.596229,2.528203,2271,0.192308,False
5,18,Co-Fe-Zr-O,"{""Co"": 0.22536013914677208, ""Fe"": 0.18548197118283685, ""Zr"": 0.5891578896703911}",550,1.046252,0.064775,2.528203,2270,0.185185,False
5,19,In-Mn-Pd-O,"{""In"": 0.0502959325660693, ""Mn"": 0.5788076606219809, ""Pd"": 0.3708964068119499}",550,0.522018,0.123232,2.96543,2269,0.166667,False
5,20,Fe-Sb-W-O,"{'Sb': 0.006458961366988495, 'W': 0.9062709274177916, 'Fe': 0.08727011121521992}",0,0.958612,0.027177,2.96543,2268,0.166667,False
5,21,Bi-Co-Mo-O,"{'Bi': 0.84156, 'Mo': 0.02762, 'Co': 0.13082}",0,1.051585,1.440223,2.96543,2267,0.15625,False
5,22,Cr-Sb-V-O,"{""Cr"": 0.14873211431941138, ""Sb"": 0.025013312726298538, ""V"": 0.8262545729542901}",550,0.98929,0.382655,2.96543,2266,0.147059,False
5,23,Ge-In-Zr-O,"{""Ge"": 0.15913372777076276, ""In"": 0.21775280741685557, ""Zr"": 0.6231134648123817}",550,1.532802,0.025614,2.96543,2265,0.142857,False
5,24,Al-Cu-Mo-O,"{'Al': 0.26193, 'Cu': 0.22243, 'Mo': 0.51564}",550,1.115311,0.094922,2.96543,2264,0.138889,False
5,25,Co-Hf-Mn-O,"{""Co"": 0.18353672301178334, ""Hf"": 0.6631902539487206, ""Mn"": 0.1532730230394961}",550,1.086665,0.014008,2.96543,2263,0.135135,False
5,26,Ag-Pb-W-O,"{'Pb': 0.706, 'W': 0.0193, 'Ag': 0.27471}",0,0.946989,0.60562,2.96543,2262,0.131579,False
5,27,Mn-Pd-Zn-O,"{""Mn"": 0.05641840501494038, ""Pd"": 0.3288560546278727, ""Zn"": 0.614725540357187}",550,0.591823,0.544183,2.96543,2261,0.121951,False
5,28,Ag-Ge-Hf-O,"{""Ag"": 0.16601993526533335, ""Ge"": 0.19006345525433346, ""Hf"": 0.6439166094803332}",550,1.467467,0.020485,2.96543,2260,0.119048,False
5,29,Bi-Co-Sb-O,"{'Sb': 0.04653, 'Bi': 0.36984, 'Co': 0.58364}",0,0.958239,0.436502,2.96543,2259,0.119048,False
5,30,Co-In-Si-O,"{""Co"": 0.5840952640565931, ""In"": 0.41590473594340704}",550,7.448772,0.010328,2.96543,2258,0.111111,False
5,31,Fe-Sb-W-O,"{""Fe"": 0.9928608693983012, ""Sb"": 0.007139130601698801, ""W"": 0.0}",550,0.90127,0.020283,2.96543,2257,0.108696,False
5,32,Al-Cu-Mo-O,"{'Al': 0.28072474135356373, 'Cu': 0.6918095667830289, 'Mo': 0.027465691863407426}",700,10.733206,-0.000758,2.96543,2256,0.108696,False
5,33,Cr-Sb-V-O,"{""Cr"": 0.8929383049879287, ""Sb"": 0.05298081331740937, ""V"": 0.05408088169466189}",550,1.078641,0.568692,2.96543,2255,0.104167,False
5,34,Co-Mn-Ti-O,"{'Co': 0.33774, 'Mn': 0.54345, 'Ti': 0.11881}",550,0.862219,0.11433,2.96543,2254,0.102041,False
5,35,Ge-In-Zr-O,"{""Ge"": 0.5038416410370035, ""In"": 0.4511168958098402, ""Zr"": 0.04504146315315633}",550,0.974749,0.689238,2.96543,2253,0.102041,False
5,36,Ag-Pb-W-O,"{'Pb': 0.6253, 'W': 0.02941, 'Ag': 0.34529}",0,0.767558,0.593955,2.96543,2252,0.096154,False
5,37,Co-Hf-Zr-O,"{""Co"": 0.8918916743692853, ""Hf"": 0.08275786123391382, ""Zr"": 0.02535046439680101}",400,0.631938,0.095946,2.967451,2251,0.09434,False
5,38,Mn-Pd-Zn-O,"{""Mn"": 0.026761684832843677, ""Pd"": 0.16948892449128314, ""Zn"": 0.8037493906758731}",550,0.907279,1.239164,2.967451,2250,0.09434,False
5,39,Al-Bi-Co-O,"{'Al': 0.49439, 'Co': 0.47933, 'Bi': 0.02628}",550,1.111699,0.045472,2.967451,2249,0.089286,False
5,40,Ag-Ge-Hf-O,"{""Ag"": 0.099084586451831, ""Ge"": 0.8469771919225145, ""Hf"": 0.053938221625654474}",0,0.951832,0.654223,2.967451,2248,0.086207,False
5,41,Cr-Sb-V-O,"{""Cr"": 0.28384213559708366, ""Sb"": 0.04263157116485964, ""V"": 0.6735262932380567}",0,0.998824,0.271127,2.967451,2247,0.086207,False
5,42,Al-Cu-Mo-O,"{'Al': 0.79766, 'Cu': 0.06774, 'Mo': 0.1346}",550,1.115413,0.010715,2.967451,2246,0.086207,False
5,43,In-Mn-Pd-O,"{""In"": 0.3030841825770378, ""Mn"": 0.23648063450480195, ""Pd"": 0.46043518291816027}",0,0.673578,0.169004,2.967451,2245,0.083333,False
5,44,Fe-Sb-W-O,"{'Sb': 0.01031, 'W': 0.89228, 'Fe': 0.09741}",0,0.933529,1.836288,2.967451,2244,0.080645,False
5,45,Co-Fe-Zr-O,"{""Co"": 0.5567887868519248, ""Fe"": 0.2839040982889242, ""Zr"": 0.159307114859151}",550,0.682026,0.073756,2.96897,2243,0.078125,False
5,46,Ag-Pb-W-O,"{'Ag': 0.7758, 'Pb': 0.0818, 'W': 0.1424}",0,0.781789,6.232821,2.96897,2242,0.075758,False
5,47,Ge-In-Zr-O,"{""Ge"": 0.21103185872488278, ""In"": 0.4139192579771154, ""Zr"": 0.37504888329800173}",550,1.118287,0.108885,2.96897,2241,0.074627,False
5,48,Bi-Co-Mo-O,"{'Bi': 0.23643, 'Mo': 0.18553, 'Co': 0.57803}",0,1.075914,0.531237,2.96897,2240,0.073529,False
5,49,Mn-Pd-Zn-O,"{""Mn"": 0.1346529082967653, ""Pd"": 0.12719474952783827, ""Zn"": 0.7381523421753965}",550,0.931453,0.631013,2.96897,2239,0.073529,False
5,50,Cr-Sb-V-O,"{""Cr"": 0.8251009525634703, ""Sb"": 0.07286529603943454, ""V"": 0.10203375139709517}",550,1.036809,0.361289,2.96897,2238,0.071429,False
6,1,Co-Mn-Ti-O,"{'Co': 0.19617, 'Mn': 0.63131, 'Ti': 0.17252}",700,1.201203,0.134401,1.74329,2287,0.5,False
6,2,Ag-Ge-Hf-O,"{""Ag"": 0.2638219073851435, ""Ge"": 0.11974310679871897, ""Hf"": 0.6164349858161375}",550,1.512244,0.026897,1.74329,2286,0.5,False
6,3,Cr-Sb-V-O,"{""Cr"": 0.09854517263834482, ""Sb"": 0.8162139535966635, ""V"": 0.08524087376499166}",0,1.076243,0.052949,1.74329,2285,0.5,False
6,4,Al-Cu-Mo-O,"{'Al': 0.71471, 'Cu': 0.0843, 'Mo': 0.201}",550,1.542228,0.000368,1.74329,2284,0.5,False
6,5,Fe-Sb-W-O,"{""Fe"": 0.039431433685793, ""Sb"": 0.0, ""W"": 0.9605685663142071}",550,0.975495,0.049258,1.74329,2283,0.416667,False
6,6,Ge-In-Zr-O,"{""Ge"": 0.5331711474608857, ""In"": 0.21906625327605184, ""Zr"": 0.24776259926306257}",0,1.074874,0.712413,1.74329,2282,0.416667,False
6,7,Mn-Pd-Zn-O,"{""Mn"": 0.5771012817289112, ""Pd"": 0.30724923715618363, ""Zn"": 0.11564948111490528}",0,0.750195,0.329212,1.74329,2281,0.416667,False
6,8,Co-In-Si-O,"{""Co"": 0.42672694134941414, ""In"": 0.5732730586505859}",550,5.502682,0.001657,1.74329,2280,0.357143,False
6,9,Ag-Pb-W-O,"{'Pb': 0.03324, 'W': 0.78916, 'Ag': 0.1776}",0,10.603323,0.543147,1.74329,2279,0.357143,False
6,10,Bi-Co-Mo-O,"{'Bi': 0.1378, 'Mo': 0.46999, 'Co': 0.39221}",0,1.019643,0.42585,1.74329,2278,0.3125,False
6,11,Co-Hf-Zr-O,"{""Co"": 0.4428792864351971, ""Hf"": 0.4716977830540134, ""Zr"": 0.08542293051078953}",400,0.860897,0.145768,1.74329,2277,0.25,False
6,12,In-Mn-Pd-O,"{""In"": 0.042409494002724576, ""Mn"": 0.42689256270205694, ""Pd"": 0.5306979432952185}",550,0.507859,-0.034148,3.088514,2276,0.238095,True
6,13,In-Mn-Pd-O,"{""In"": 0.09657890374188693, ""Mn"": 0.5563088524004375, ""Pd"": 0.3471122438576756}",550,0.556307,0.106146,3.088514,2275,0.483871,False
6,14,In-Mn-Pd-O,"{""In"": 0.11262280234658081, ""Mn"": 0.4597804111391463, ""Pd"": 0.42759678651427285}",550,0.558834,0.096854,3.088514,2274,0.365854,True
6,15,In-Mn-Pd-O,"{""In"": 0.03829737847977238, ""Mn"": 0.021671502319797566, ""Pd"": 0.94003111920043}",0,0.450141,0.73971,3.405568,2273,0.490196,False
6,16,In-Mn-Pd-O,"{""In"": 0.0793189636274222, ""Mn"": 0.0902428723717034, ""Pd"": 0.8304381640008743}",550,0.55272,-0.029337,3.405568,2272,0.409836,True
6,17,In-Mn-Pd-O,"{""In"": 0.06524340670869531, ""Mn"": 0.02153704629566307, ""Pd"": 0.9132195469956416}",550,0.541838,0.044127,3.405568,2271,0.492958,True
6,18,In-Mn-Pd-O,"{""In"": 0.03713790635536924, ""Mn"": 0.015349167470548382, ""Pd"": 0.9475129261740823}",550,0.554892,-0.046614,3.408006,2270,0.555556,True
6,19,In-Mn-Pd-O,"{""In"": 0.044310571423111254, ""Mn"": 0.07464775799245787, ""Pd"": 0.8810416705844308}",550,0.527397,-0.148576,3.455365,2269,0.604396,True
6,20,In-Mn-Pd-O,"{""In"": 0.024548097272416972, ""Mn"": 0.8318328689345476, ""Pd"": 0.1436190337930354}",0,0.734397,0.271452,3.455365,2268,0.643564,False
6,21,In-Mn-Pd-O,"{""In"": 0.06189116978794804, ""Mn"": 0.0987940365867387, ""Pd"": 0.8393147936253132}",550,0.528069,0.068041,3.455365,2267,0.585586,True
6,22,In-Mn-Pd-O,"{""In"": 0.07775666649006174, ""Mn"": 0.3066161909085832, ""Pd"": 0.615627142601355}",0,0.610855,0.190901,3.455365,2266,0.619835,False
6,23,In-Mn-Pd-O,"{""In"": 0.07777877513096047, ""Mn"": 0.10658976478394228, ""Pd"": 0.8156314600850972}",550,0.568529,0.096101,3.455365,2265,0.572519,True
6,24,In-Mn-Pd-O,"{""In"": 0.09571536581703892, ""Mn"": 0.25730804212694447, ""Pd"": 0.6469765920560167}",0,0.593006,0.321881,3.455365,2264,0.602837,False
6,25,In-Mn-Pd-O,"{""In"": 0.12669507241346578, ""Mn"": 0.2731046362684877, ""Pd"": 0.6002002913180464}",550,0.573808,0.052957,3.455365,2263,0.562914,True
6,26,In-Mn-Pd-O,"{""In"": 0.05784410646262761, ""Mn"": 0.028938087027910276, ""Pd"": 0.9132178065094622}",550,0.562457,0.02403,3.455365,2262,0.590062,True
6,27,In-Mn-Pd-O,"{""In"": 0.30224067434347124, ""Mn"": 0.22134199218618597, ""Pd"": 0.4764173334703427}",0,0.72277,0.165449,3.455365,2261,0.614035,False
6,28,In-Mn-Pd-O,"{""In"": 0.1760374963110452, ""Mn"": 0.2991179441506801, ""Pd"": 0.5248445595382746}",550,0.585881,0.120282,3.455365,2260,0.58011,False
6,29,In-Mn-Pd-O,"{""In"": 0.014397582279969259, ""Mn"": 0.22828835007158713, ""Pd"": 0.7573140676484436}",550,0.486738,0.07178,3.469473,2259,0.549738,True
6,30,In-Mn-Pd-O,"{""In"": 0.2360897577944854, ""Mn"": 0.15734990318291958, ""Pd"": 0.606560339022595}",550,0.842545,0.085874,3.469473,2258,0.572139,False
6,31,In-Mn-Pd-O,"{""In"": 0.036791407928505195, ""Mn"": 0.01931446609606981, ""Pd"": 0.9438941259754251}",550,0.551155,-0.096188,3.469473,2257,0.545024,True
6,32,In-Mn-Pd-O,"{""In"": 0.0794766217857298, ""Mn"": 0.07566483550407968, ""Pd"": 0.8448585427101906}",550,0.567467,0.010575,3.469473,2256,0.565611,True
6,33,In-Mn-Pd-O,"{""In"": 0.0650824434302943, ""Mn"": 0.018730465340316065, ""Pd"": 0.9161870912293896}",0,0.596845,0.814724,3.469473,2255,0.584416,False
6,34,In-Mn-Pd-O,"{""In"": 0.07023121592726059, ""Mn"": 0.27670140169429713, ""Pd"": 0.6530673823784422}",550,0.507365,0.090649,3.469473,2254,0.560166,True
6,35,In-Mn-Pd-O,"{""In"": 0.05379369828820083, ""Mn"": 0.33113609723252174, ""Pd"": 0.6150702044792774}",550,0.500854,0.058014,3.469569,2253,0.577689,True
6,36,In-Mn-Pd-O,"{""In"": 0.05218966198465292, ""Mn"": 0.3271353985864145, ""Pd"": 0.6206749394289326}",550,0.512036,0.081976,3.469569,2252,0.59387,True
6,37,In-Mn-Pd-O,"{""In"": 0.07978659119665726, ""Mn"": 0.2369801359400674, ""Pd"": 0.6832332728632754}",550,0.508896,0.028395,3.469569,2251,0.608856,True
6,38,In-Mn-Pd-O,"{""In"": 0.019076258686735462, ""Mn"": 0.7665885641674777, ""Pd"": 0.2143351771457868}",550,0.546155,0.205715,3.469569,2250,0.622776,False
6,39,In-Mn-Pd-O,"{""In"": 0.28985393550867283, ""Mn"": 0.1965331105863635, ""Pd"": 0.5136129539049638}",550,0.631926,0.06893,3.469569,2249,0.601375,False
6,40,In-Mn-Pd-O,"{""In"": 0.33966068986042264, ""Mn"": 0.4275171395213902, ""Pd"": 0.23282217061818725}",550,0.673662,0.098734,3.469569,2248,0.581395,False
6,41,In-Mn-Pd-O,"{""In"": 0.14936205447243683, ""Mn"": 0.2076901438187493, ""Pd"": 0.6429478017088139}",550,0.584246,0.105546,3.469569,2247,0.562701,False
6,42,In-Mn-Pd-O,"{""In"": 0.3030841825770378, ""Mn"": 0.23648063450480195, ""Pd"": 0.46043518291816027}",0,0.673578,0.169004,3.469569,2246,0.545171,False
6,43,In-Mn-Pd-O,"{""In"": 0.08561389016399013, ""Mn"": 0.1313398420440644, ""Pd"": 0.7830462677919455}",550,0.557793,0.069428,3.469569,2245,0.528701,True
6,44,In-Mn-Pd-O,"{""In"": 0.06314132356524435, ""Mn"": 0.1347090477130088, ""Pd"": 0.8021496287217468}",550,0.509622,0.031273,3.469569,2244,0.542522,True
6,45,In-Mn-Pd-O,"{""In"": 0.05985814259108442, ""Mn"": 0.042915300831115576, ""Pd"": 0.8972265565778}",550,0.567808,-0.05914,3.469569,2243,0.555556,True
6,46,In-Mn-Pd-O,"{""In"": 0.062027690392852934, ""Mn"": 0.044855619006094194, ""Pd"": 0.8931166906010529}",550,0.550254,-0.07281,3.469569,2242,0.567867,True
6,47,In-Mn-Pd-O,"{""In"": 0.13954616380714097, ""Mn"": 0.6422981138632722, ""Pd"": 0.21815572232958683}",550,0.607199,0.105084,3.469569,2241,0.579515,False
6,48,In-Mn-Pd-O,"{""In"": 0.06231111546052847, ""Mn"": 0.041567944280440104, ""Pd"": 0.8961209402590314}",550,0.573618,-0.022851,3.469569,2240,0.564304,True
6,49,In-Mn-Pd-O,"{""In"": 0.33238572777481723, ""Mn"": 0.31711498462046817, ""Pd"": 0.3504992876047146}",550,0.747651,0.119754,3.469569,2239,0.575448,False
6,50,In-Mn-Pd-O,"{""In"": 0.17840931338889668, ""Mn"": 0.532916768531654, ""Pd"": 0.2886739180794493}",550,0.604958,0.100223,3.469569,2238,0.561097,False
7,1,Al-Cu-Mo-O,"{'Al': 0.22514, 'Cu': 0.48993, 'Mo': 0.28493}",700,0.952048,0.096949,1.74329,2287,0.5,False
7,2,Cr-Sb-V-O,"{""Cr"": 0.7703518803307682, ""Sb"": 0.14360634323891677, ""V"": 0.08604177643031505}",550,0.994283,0.338251,1.74329,2286,0.5,False
7,3,Co-Mn-W-O,"{'Co': 0.16446310342289952, 'W': 0.31480715255620956, 'Mn': 0.5207297440208909}",550,0.985629,0.26025,1.74329,2285,0.5,False
7,4,Ge-In-Zr-O,"{""Ge"": 0.0571890484032008, ""In"": 0.9300086749064269, ""Zr"": 0.012802276690372375}",0,0.96455,1.282366,1.74329,2284,0.5,False
7,5,Ag-Ge-Hf-O,"{""Ag"": 0.12607190087422587, ""Ge"": 0.03154035644689983, ""Hf"": 0.8423877426788743}",0,1.500169,0.068098,1.74329,2283,0.416667,False
7,6,Mn-Pd-Zn-O,"{""Mn"": 0.37238337092788415, ""Pd"": 0.4596912762164277, ""Zn"": 0.1679253528556881}",550,0.655162,0.232459,2.139956,2282,0.416667,False
7,7,Fe-Sb-W-O,"{""Fe"": 0.9431016190305831, ""Sb"": 0.05689838096941692, ""W"": 0.0}",550,1.162539,0.005212,2.139956,2281,0.357143,False
7,8,Co-In-Si-O,"{""Co"": 0.6103527093450781, ""In"": 0.38964729065492193}",550,1.831758,-0.002204,2.139956,2280,0.357143,False
7,9,Bi-Co-Mo-O,"{'Bi': 0.63321, 'Mo': 0.15592, 'Co': 0.21087}",550,0.791444,1.015397,2.139956,2279,0.3125,False
7,10,Ag-Pb-W-O,"{'Pb': 0.71578, 'W': 0.0241, 'Ag': 0.26012}",0,0.777279,0.481257,2.139956,2278,0.3125,False
7,11,Co-Fe-Zr-O,"{""Co"": 0.18010875752064093, ""Fe"": 0.06474651820325733, ""Zr"": 0.7551447242761017}",550,1.061032,0.034492,2.139956,2277,0.25,False
7,12,In-Mn-Pd-O,"{""In"": 0.3030841825770378, ""Mn"": 0.23648063450480195, ""Pd"": 0.46043518291816027}",0,0.673578,0.169004,2.144836,2276,0.238095,False
7,13,Al-Cu-Mo-O,"{'Al': 0.6587591138605601, 'Cu': 0.02881681406014421, 'Mo': 0.31242407207929584}",550,0.924571,0.078201,2.144836,2275,0.227273,False
7,14,Cr-Sb-V-O,"{""Cr"": 0.184539564988142, ""Sb"": 0.03673380920888922, ""V"": 0.7787266258029687}",550,0.973956,0.285153,2.144836,2274,0.227273,False
7,15,Ag-Ge-Hf-O,"{""Ag"": 0.5769189894476686, ""Ge"": 0.06267003519861485, ""Hf"": 0.36041097535371647}",550,0.839046,0.160015,2.144836,2273,0.208333,False
7,16,Al-Bi-Co-O,"{'Al': 0.04198, 'Co': 0.80084, 'Bi': 0.15718}",550,0.87131,0.081022,2.144836,2272,0.2,False
7,17,Mn-Pd-Zn-O,"{""Mn"": 0.6453756497839265, ""Pd"": 0.20855098126312235, ""Zn"": 0.1460733689529512}",0,0.821067,0.29997,2.144836,2271,0.185185,False
7,18,Ag-Pb-W-O,"{'Ag': 0.7758, 'Pb': 0.0818, 'W': 0.1424}",0,0.781789,6.232821,2.144836,2270,0.178571,False
7,19,Co-Mn-Ti-O,"{'Co': 0.35584, 'Mn': 0.29992, 'Ti': 0.34423}",700,0.829733,0.039689,2.144836,2269,0.172414,False
7,20,Ge-In-Zr-O,"{""Ge"": 0.09045978146658289, ""In"": 0.035155335547715716, ""Zr"": 0.8743848829857015}",0,1.783471,0.033872,2.144836,2268,0.166667,False
7,21,Cr-Sb-V-O,"{""Cr"": 0.9075622192641907, ""Sb"": 0.02402177621243997, ""V"": 0.06841600452336934}",550,1.155834,0.667863,2.144836,2267,0.15625,False
7,22,Co-Hf-Zr-O,"{""Co"": 0.4439410441800648, ""Hf"": 0.121819320578055, ""Zr"": 0.43423963524188025}",550,0.856331,0.093633,2.144836,2266,0.151515,False
7,23,Al-Cu-Mo-O,"{'Al': 0.8984084332950538, 'Cu': 0.06602780997158134, 'Mo': 0.03556375673336479}",700,1.182775,0.000508,2.144836,2265,0.147059,False
7,24,Fe-Sb-W-O,"{""Fe"": 0.025318582953347313, ""Sb"": 0.0007584739922267679, ""W"": 0.973922943054426}",550,0.952702,0.139222,2.144836,2264,0.147059,False
7,25,Co-In-Si-O,"{""Co"": 0.769643058637792, ""In"": 0.230356941362208}",0,1.021324,0.023481,2.144836,2263,0.131579,False
7,26,Mn-Pd-Zn-O,"{""Mn"": 0.3312357181101157, ""Pd"": 0.46602109308630313, ""Zn"": 0.20274318880358122}",550,0.711153,0.22575,2.144836,2262,0.128205,False
7,27,Ag-Ge-Hf-O,"{""Ag"": 0.14967351162184747, ""Ge"": 0.7353837644242163, ""Hf"": 0.11494272395393618}",550,0.948714,0.475664,2.144836,2261,0.125,False
7,28,Ag-Pb-W-O,"{'Pb': 0.0633, 'W': 0.72491, 'Ag': 0.21179}",0,6.100032,0.602368,2.144836,2260,0.119048,False
7,29,Bi-Co-Sb-O,"{'Sb': 0.03046, 'Bi': 0.744, 'Co': 0.22554}",0,0.966514,0.756835,2.144836,2259,0.119048,False
7,30,Al-Cu-Mo-O,"{'Al': 0.13465, 'Cu': 0.60029, 'Mo': 0.26507}",550,0.930994,0.13738,2.144836,2258,0.113636,False
7,31,Cr-Sb-V-O,"{""Cr"": 0.32733371470625133, ""Sb"": 0.06230407537031734, ""V"": 0.6103622099234313}",550,0.896955,0.286055,2.144836,2257,0.108696,False
7,32,Ge-In-Zr-O,"{""Ge"": 0.5285255377143941, ""In"": 0.3730425636606772, ""Zr"": 0.09843189862492878}",550,0.98772,0.749803,2.144836,2256,0.108696,False
7,33,Co-Mo-Pd-O,"{""Co"": 0.3588970054727965, ""Mo"": 0.32953922800554036, ""Pd"": 0.3115637665216631}",550,0.855931,0.153964,2.144836,2255,0.106383,False
7,34,Co-Mn-Ti-O,"{'Co': 0.19617, 'Mn': 0.63131, 'Ti': 0.17252}",700,1.201203,0.134401,2.144836,2254,0.102041,False
7,35,Fe-Sb-W-O,"{""Fe"": 0.21590718845271598, ""Sb"": 0.0014066314239997203, ""W"": 0.7826861801232843}",550,1.384142,0.0933,2.144836,2253,0.1,False
7,36,In-Mn-Pd-O,"{""In"": 0.04009563164933452, ""Mn"": 0.687476608887267, ""Pd"": 0.2724277594633984}",0,0.759601,0.455977,2.144836,2252,0.09434,False
7,37,Ag-Ge-Hf-O,"{""Ag"": 0.13264196107555665, ""Ge"": 0.8002228236468913, ""Hf"": 0.06713521527755205}",0,0.996337,0.553065,2.144836,2251,0.092593,False
7,38,Al-Bi-Co-O,"{'Al': 0.15082, 'Co': 0.6301, 'Bi': 0.21907}",550,1.030398,0.047102,2.144836,2250,0.092593,False
7,39,Ag-Pb-W-O,"{'Pb': 0.6253, 'W': 0.02941, 'Ag': 0.34529}",0,0.767558,0.593955,2.144836,2249,0.089286,False
7,40,Co-Fe-Zr-O,"{""Co"": 0.267520693726514, ""Fe"": 0.6033191358382478, ""Zr"": 0.12916017043523817}",0,0.916969,0.29838,2.144836,2248,0.087719,False
7,41,Cr-Sb-V-O,"{""Cr"": 0.09854517263834482, ""Sb"": 0.8162139535966635, ""V"": 0.08524087376499166}",0,1.076243,0.052949,2.144836,2247,0.086207,False
7,42,Mn-Pd-Zn-O,"{""Mn"": 0.06277842079279056, ""Pd"": 0.2242773871354308, ""Zn"": 0.7129441920717786}",550,0.869945,0.788671,2.144836,2246,0.086207,False
7,43,Al-Cu-Mo-O,"{'Al': 0.5033441949194526, 'Cu': 0.03005324091807132, 'Mo': 0.466602564162476}",550,1.052004,0.037125,2.144836,2245,0.086207,False
7,44,Co-In-Si-O,"{""Co"": 0.6050462766681023, ""In"": 0.3949537233318977}",550,9.008673,0.009377,2.144836,2244,0.080645,False
7,45,Ge-In-Zr-O,"{""Ge"": 0.9041363078774887, ""In"": 0.0341237699323779, ""Zr"": 0.06173992219013339}",550,1.029219,0.932524,2.144836,2243,0.078125,False
7,46,Ag-Pb-W-O,"{'Pb': 0.0164, 'W': 0.01779, 'Ag': 0.96581}",0,0.731926,4.494955,2.144836,2242,0.075758,False
7,47,Co-Hf-Zr-O,"{""Co"": 0.8918916743692853, ""Hf"": 0.08275786123391382, ""Zr"": 0.02535046439680101}",400,0.631938,0.095946,2.295493,2241,0.073529,False
7,48,Cr-Sb-V-O,"{""Cr"": 0.8998944148675715, ""Sb"": 0.03022892680155103, ""V"": 0.06987665833087753}",550,1.122102,0.545395,2.295493,2240,0.073529,False
7,49,Al-Cu-Mo-O,"{'Al': 0.81929, 'Cu': 0.0605, 'Mo': 0.12021}",550,1.371602,0.006678,2.295493,2239,0.073529,False
7,50,Mn-Pd-Zn-O,"{""Mn"": 0.03629494561225838, ""Pd"": 0.8412858917019967, ""Zn"": 0.12241916268574478}",550,0.593582,0.112993,2.530224,2238,0.073529,False
8,1,Fe-Sb-W-O,"{""Fe"": 0.9981514146217608, ""Sb"": 0.0018485853782392084, ""W"": 0.0}",550,0.776851,0.042862,1.74329,2287,0.5,False
8,2,Mn-Pd-Zn-O,"{""Mn"": 0.06432334826098404, ""Pd"": 0.5132559224814411, ""Zn"": 0.42242072925757485}",550,0.563943,0.39971,2.658142,2286,0.5,False
8,3,Ge-In-Zr-O,"{""Ge"": 0.09749930041978014, ""In"": 0.8169526394868271, ""Zr"": 0.08554806009339279}",550,1.117609,0.252872,2.658142,2285,0.5,False
8,4,Bi-Co-Mo-O,"{'Bi': 0.84156, 'Mo': 0.02762, 'Co': 0.13082}",0,1.051585,1.440223,2.658142,2284,0.5,False
8,5,Cr-Sb-V-O,"{""Cr"": 0.7503335654623314, ""Sb"": 0.03192492924045134, ""V"": 0.21774150529721728}",550,1.009329,0.323984,2.658142,2283,0.416667,False
8,6,Al-Cu-Mo-O,"{'Al': 0.02084, 'Cu': 0.0354, 'Mo': 0.94376}",550,0.939032,0.126514,2.658142,2282,0.416667,False
8,7,Ag-Ge-Hf-O,"{""Ag"": 0.8494260384838643, ""Ge"": 0.09715143683692376, ""Hf"": 0.05342252467921191}",550,0.794372,0.461947,2.658142,2281,0.416667,False
8,8,Co-In-Si-O,"{""Co"": 0.4970514872497725, ""In"": 0.5029485127502274}",550,6.575998,0.014171,2.658142,2280,0.357143,False
8,9,Ag-Pb-W-O,"{'Pb': 0.0633, 'W': 0.72491, 'Ag': 0.21179}",0,6.100032,0.602368,2.658142,2279,0.357143,False
8,10,Co-Mn-Ti-O,"{'Co': 0.6682, 'Mn': 0.21082, 'Ti': 0.12098}",700,0.781592,0.147174,2.658142,2278,0.3125,False
8,11,Co-Fe-Zr-O,"{""Co"": 0.3591181546351331, ""Fe"": 0.3884487989938751, ""Zr"": 0.2524330463709919}",550,0.718509,0.109394,2.665388,2277,0.25,False
8,12,In-Mn-Pd-O,"{""In"": 0.056100900792319205, ""Mn"": 0.0634796603358694, ""Pd"": 0.8804194388718114}",550,0.547571,-0.072961,2.852916,2276,0.238095,True
8,13,In-Mn-Pd-O,"{""In"": 0.07023121592726059, ""Mn"": 0.27670140169429713, ""Pd"": 0.6530673823784422}",550,0.507365,0.090649,3.099869,2275,0.483871,True
8,14,In-Mn-Pd-O,"{""In"": 0.09765043768859957, ""Mn"": 0.21338520725684687, ""Pd"": 0.6889643550545536}",0,0.59123,0.344503,3.099869,2274,0.609756,False
8,15,In-Mn-Pd-O,"{""In"": 0.014397582279969259, ""Mn"": 0.22828835007158713, ""Pd"": 0.7573140676484436}",550,0.486738,0.07178,3.227716,2273,0.490196,True
8,16,In-Mn-Pd-O,"{""In"": 0.08051682457864125, ""Mn"": 0.16358109823978675, ""Pd"": 0.755902077181572}",550,0.546335,0.044137,3.22775,2272,0.57377,True
8,17,In-Mn-Pd-O,"{""In"": 0.3030841825770378, ""Mn"": 0.23648063450480195, ""Pd"": 0.46043518291816027}",0,0.673578,0.169004,3.22775,2271,0.633803,False
8,18,In-Mn-Pd-O,"{""In"": 0.1760374963110452, ""Mn"": 0.2991179441506801, ""Pd"": 0.5248445595382746}",550,0.585881,0.120282,3.22775,2270,0.555556,False
8,19,In-Mn-Pd-O,"{""In"": 0.07978659119665726, ""Mn"": 0.2369801359400674, ""Pd"": 0.6832332728632754}",550,0.508896,0.028395,3.229393,2269,0.494505,True
8,20,In-Mn-Pd-O,"{""In"": 0.33238572777481723, ""Mn"": 0.31711498462046817, ""Pd"": 0.3504992876047146}",550,0.747651,0.119754,3.229393,2268,0.544554,False
8,21,In-Mn-Pd-O,"{""In"": 0.019076258686735462, ""Mn"": 0.7665885641674777, ""Pd"": 0.2143351771457868}",550,0.546155,0.205715,3.229393,2267,0.495495,False
8,22,In-Mn-Pd-O,"{""In"": 0.05379369828820083, ""Mn"": 0.33113609723252174, ""Pd"": 0.6150702044792774}",550,0.500854,0.058014,3.229504,2266,0.454545,True
8,23,In-Mn-Pd-O,"{""In"": 0.09657890374188693, ""Mn"": 0.5563088524004375, ""Pd"": 0.3471122438576756}",550,0.556307,0.106146,3.229504,2265,0.496183,False
8,24,In-Mn-Pd-O,"{""In"": 0.12669507241346578, ""Mn"": 0.2731046362684877, ""Pd"": 0.6002002913180464}",550,0.573808,0.052957,3.229504,2264,0.460993,True
8,25,In-Mn-Pd-O,"{""In"": 0.038229382354695265, ""Mn"": 0.7245933352881092, ""Pd"": 0.23717728235719557}",0,0.743952,0.443147,3.229504,2263,0.496689,False
8,26,In-Mn-Pd-O,"{""In"": 0.0794766217857298, ""Mn"": 0.07566483550407968, ""Pd"": 0.8448585427101906}",550,0.567467,0.010575,3.229504,2262,0.465838,True
8,27,In-Mn-Pd-O,"{""In"": 0.05218966198465292, ""Mn"": 0.3271353985864145, ""Pd"": 0.6206749394289326}",550,0.512036,0.081976,3.229504,2261,0.497076,True
8,28,In-Mn-Pd-O,"{""In"": 0.03829737847977238, ""Mn"": 0.021671502319797566, ""Pd"": 0.94003111920043}",0,0.450141,0.73971,3.430536,2260,0.524862,False
8,29,In-Mn-Pd-O,"{""In"": 0.04878776822910443, ""Mn"": 0.2879258484740704, ""Pd"": 0.6632863832968252}",550,0.495034,-0.075646,3.437708,2259,0.497382,True
8,30,In-Mn-Pd-O,"{""In"": 0.0650824434302943, ""Mn"": 0.018730465340316065, ""Pd"": 0.9161870912293896}",0,0.596845,0.814724,3.437708,2258,0.522388,False
8,31,In-Mn-Pd-O,"{""In"": 0.08788896855855852, ""Mn"": 0.07408525184201467, ""Pd"": 0.8380257795994268}",550,0.572501,0.045708,3.437708,2257,0.49763,True
8,32,In-Mn-Pd-O,"{""In"": 0.05891653681514183, ""Mn"": 0.04827078204685004, ""Pd"": 0.892812681138008}",550,0.529626,-0.234391,3.512377,2256,0.520362,True
8,33,In-Mn-Pd-O,"{""In"": 0.08561389016399013, ""Mn"": 0.1313398420440644, ""Pd"": 0.7830462677919455}",550,0.557793,0.069428,3.512377,2255,0.541126,True
8,34,In-Mn-Pd-O,"{""In"": 0.07801338718013939, ""Mn"": 0.39997167883629875, ""Pd"": 0.5220149339835619}",550,0.543262,0.139143,3.512377,2254,0.560166,False
8,35,In-Mn-Pd-O,"{""In"": 0.09775736023697856, ""Mn"": 0.7060988265887281, ""Pd"": 0.19614381317429339}",550,0.622227,0.106921,3.512377,2253,0.537849,False
8,36,In-Mn-Pd-O,"{""In"": 0.05021822544889951, ""Mn"": 0.5238487840934755, ""Pd"": 0.42593299045762506}",550,0.521999,0.133746,3.512377,2252,0.517241,False
8,37,In-Mn-Pd-O,"{""In"": 0.05985814259108442, ""Mn"": 0.042915300831115576, ""Pd"": 0.8972265565778}",550,0.567808,-0.05914,3.512377,2251,0.498155,True
8,38,In-Mn-Pd-O,"{""In"": 0.30224067434347124, ""Mn"": 0.22134199218618597, ""Pd"": 0.4764173334703427}",0,0.72277,0.165449,3.512377,2250,0.516014,False
8,39,In-Mn-Pd-O,"{""In"": 0.044310571423111254, ""Mn"": 0.07464775799245787, ""Pd"": 0.8810416705844308}",550,0.527397,-0.148576,3.512539,2249,0.498282,True
8,40,In-Mn-Pd-O,"{""In"": 0.051113998960960604, ""Mn"": 0.0390079742062255, ""Pd"": 0.9098780268328138}",550,0.540145,-0.071844,3.512539,2248,0.51495,True
8,41,In-Mn-Pd-O,"{""In"": 0.06362177649416619, ""Mn"": 0.026066824590301282, ""Pd"": 0.9103113989155325}",0,0.580115,0.646838,3.512539,2247,0.530547,False
8,42,In-Mn-Pd-O,"{""In"": 0.17840931338889668, ""Mn"": 0.532916768531654, ""Pd"": 0.2886739180794493}",550,0.604958,0.100223,3.512539,2246,0.514019,False
8,43,In-Mn-Pd-O,"{""In"": 0.0793189636274222, ""Mn"": 0.0902428723717034, ""Pd"": 0.8304381640008743}",550,0.55272,-0.029337,3.512539,2245,0.498489,True
8,44,In-Mn-Pd-O,"{""In"": 0.07777877513096047, ""Mn"": 0.10658976478394228, ""Pd"": 0.8156314600850972}",550,0.568529,0.096101,3.512539,2244,0.513197,True
8,45,In-Mn-Pd-O,"{""In"": 0.042715315416979746, ""Mn"": 0.029348300482695308, ""Pd"": 0.9279363841003249}",550,0.533478,-0.17164,3.512539,2243,0.527066,True
8,46,In-Mn-Pd-O,"{""In"": 0.03713790635536924, ""Mn"": 0.015349167470548382, ""Pd"": 0.9475129261740823}",550,0.554892,-0.046614,3.512539,2242,0.540166,True
8,47,In-Mn-Pd-O,"{""In"": 0.2751377635220254, ""Mn"": 0.15466258695960994, ""Pd"": 0.5701996495183647}",550,0.74366,0.086365,3.512539,2241,0.552561,False
8,48,In-Mn-Pd-O,"{""In"": 0.09571536581703892, ""Mn"": 0.25730804212694447, ""Pd"": 0.6469765920560167}",0,0.593006,0.321881,3.512539,2240,0.538058,False
8,49,In-Mn-Pd-O,"{""In"": 0.11262280234658081, ""Mn"": 0.4597804111391463, ""Pd"": 0.42759678651427285}",550,0.558834,0.096854,3.512539,2239,0.524297,True
8,50,In-Mn-Pd-O,"{""In"": 0.28985393550867283, ""Mn"": 0.1965331105863635, ""Pd"": 0.5136129539049638}",550,0.631926,0.06893,3.512539,2238,0.53616,False
9,1,Al-Bi-Co-O,"{'Al': 0.58734, 'Co': 0.38991, 'Bi': 0.02275}",550,1.129943,0.003139,1.74329,2287,0.5,False
9,2,Fe-Sb-W-O,"{""Fe"": 0.039431433685793, ""Sb"": 0.0, ""W"": 0.9605685663142071}",550,0.975495,0.049258,1.74329,2286,0.5,False
9,3,Ge-In-Zr-O,"{""Ge"": 0.11953890255497016, ""In"": 0.8403325554469872, ""Zr"": 0.040128541998042735}",550,1.057752,0.663613,1.74329,2285,0.5,False
9,4,Mn-Pd-Zn-O,"{""Mn"": 0.3417468897300805, ""Pd"": 0.1348263627504477, ""Zn"": 0.5234267475194718}",550,0.838867,0.288983,1.74329,2284,0.5,False
9,5,Al-Cu-Mo-O,"{'Al': 0.22578, 'Cu': 0.49302, 'Mo': 0.2812}",550,0.969249,0.141652,1.74329,2283,0.416667,False
9,6,Ag-Ge-Hf-O,"{""Ag"": 0.484805485873775, ""Ge"": 0.3572064336456553, ""Hf"": 0.15798808048056973}",550,0.878672,0.342477,1.74329,2282,0.416667,False
9,7,Cr-Sb-V-O,"{""Cr"": 0.7503335654623314, ""Sb"": 0.03192492924045134, ""V"": 0.21774150529721728}",550,1.009329,0.323984,1.74329,2281,0.416667,False
9,8,Co-Mn-Ti-O,"{'Co': 0.49197, 'Mn': 0.07539, 'Ti': 0.43264}",700,0.833378,-0.027127,1.74329,2280,0.357143,False
9,9,Ag-Pb-W-O,"{'Pb': 0.0633, 'W': 0.72491, 'Ag': 0.21179}",0,6.100032,0.602368,1.74329,2279,0.357143,False
9,10,Co-In-Si-O,"{""Co"": 0.6050462766681023, ""In"": 0.3949537233318977}",550,9.008673,0.009377,1.74329,2278,0.3125,False
9,11,Co-Hf-Zr-O,"{""Co"": 0.8918916743692853, ""Hf"": 0.08275786123391382, ""Zr"": 0.02535046439680101}",400,0.631938,0.095946,2.295493,2277,0.25,False
9,12,In-Mn-Pd-O,"{""In"": 0.2751377635220254, ""Mn"": 0.15466258695960994, ""Pd"": 0.5701996495183647}",550,0.74366,0.086365,2.295558,2276,0.238095,False
9,13,Al-Cu-Mo-O,"{'Al': 0.78809, 'Cu': 0.12748, 'Mo': 0.08443}",550,1.303934,0.015753,2.295558,2275,0.227273,False
9,14,Cr-Sb-V-O,"{""Cr"": 0.2623272524292542, ""Sb"": 0.16129772930738046, ""V"": 0.5763750182633655}",550,0.882876,0.232063,2.295558,2274,0.227273,False
9,15,Ag-Pb-W-O,"{'Ag': 0.82658, 'Pb': 0.07894, 'W': 0.09448}",0,0.735488,5.27383,2.295558,2273,0.208333,False
9,16,Bi-Co-Mo-O,"{'Bi': 0.51531, 'Mo': 0.44581, 'Co': 0.03888}",0,1.28529,0.879323,2.295558,2272,0.2,False
9,17,Mn-Pd-Zn-O,"{""Mn"": 0.5771012817289112, ""Pd"": 0.30724923715618363, ""Zn"": 0.11564948111490528}",0,0.750195,0.329212,2.295558,2271,0.185185,False
9,18,Co-Fe-Zr-O,"{""Co"": 0.5812694261462141, ""Fe"": 0.2874271410395485, ""Zr"": 0.1313034328142373}",550,0.700886,0.077337,2.296416,2270,0.185185,False
9,19,Ag-Ge-Hf-O,"{""Ag"": 0.13264196107555665, ""Ge"": 0.8002228236468913, ""Hf"": 0.06713521527755205}",0,0.996337,0.553065,2.296416,2269,0.178571,False
9,20,Fe-Sb-W-O,"{""Fe"": 0.04670296948646836, ""Sb"": 0.0011347993137872654, ""W"": 0.9521622311997443}",550,1.042849,0.027377,2.296416,2268,0.166667,False
9,21,Ge-In-Zr-O,"{""Ge"": 0.0571890484032008, ""In"": 0.9300086749064269, ""Zr"": 0.012802276690372375}",0,0.96455,1.282366,2.296416,2267,0.15625,False
9,22,Cr-Sb-V-O,"{""Cr"": 0.14873211431941138, ""Sb"": 0.025013312726298538, ""V"": 0.8262545729542901}",550,0.98929,0.382655,2.296416,2266,0.147059,False
9,23,Al-Cu-Mo-O,"{'Al': 0.22305, 'Cu': 0.50511, 'Mo': 0.27183}",700,0.984923,0.019498,2.296416,2265,0.147059,False
9,24,Co-In-Si-O,"{""Co"": 0.7463707493835553, ""In"": 0.25362925061644476}",550,7.080232,-1.3e-05,2.296416,2264,0.138889,False
9,25,Mn-Pd-Zn-O,"{""Mn"": 0.6678828559009041, ""Pd"": 0.22383807586028473, ""Zn"": 0.10827906823881103}",0,0.7639,0.32449,2.296416,2263,0.135135,False
9,26,Ag-Pb-W-O,"{'Pb': 0.01448, 'W': 0.01292, 'Ag': 0.97259}",0,0.721207,4.595334,2.296416,2262,0.131579,False
9,27,Bi-Co-Sb-O,"{'Sb': 0.11977, 'Bi': 0.81458, 'Co': 0.06565}",0,1.123051,0.82884,2.296416,2261,0.125,False
9,28,Ag-Ge-Hf-O,"{""Ag"": 0.04065863368081608, ""Ge"": 0.01850495645793528, ""Hf"": 0.9408364098612486}",550,1.228053,-0.038478,2.296416,2260,0.119048,False
9,29,Co-Mn-Ti-O,"{'Co': 0.34776, 'Mn': 0.34641, 'Ti': 0.30583}",550,0.895338,0.016712,2.296416,2259,0.119048,False
9,30,Al-Cu-Mo-O,"{'Al': 0.7243974788956825, 'Cu': 0.21011711663988522, 'Mo': 0.06548540446443225}",700,0.974694,0.054847,2.296416,2258,0.113636,False
9,31,Fe-Sb-W-O,"{""Fe"": 0.9842724291608063, ""Sb"": 0.01572757083919376, ""W"": 0.0}",550,0.93716,0.023229,2.296416,2257,0.108696,False
9,32,Ge-In-Zr-O,"{""Ge"": 0.08194255101455965, ""In"": 0.6296827601117762, ""Zr"": 0.2883746888736642}",550,1.129661,0.041688,2.296416,2256,0.108696,False
9,33,Co-Mo-Pd-O,"{""Co"": 0.48751616591591296, ""Mo"": 0.43031304036457213, ""Pd"": 0.08217079371951491}",550,0.909059,0.209278,2.296416,2255,0.106383,False
9,34,Cr-Sb-V-O,"{""Cr"": 0.8998944148675715, ""Sb"": 0.03022892680155103, ""V"": 0.06987665833087753}",550,1.122102,0.545395,2.296416,2254,0.104167,False
9,35,In-Mn-Pd-O,"{""In"": 0.30224067434347124, ""Mn"": 0.22134199218618597, ""Pd"": 0.4764173334703427}",0,0.72277,0.165449,2.296416,2253,0.098039,False
9,36,Al-Bi-Co-O,"{'Al': 0.05639, 'Co': 0.40664, 'Bi': 0.53697}",700,10.711244,0.113132,2.296416,2252,0.096154,False
9,37,Ag-Pb-W-O,"{'Pb': 0.04792, 'W': 0.73663, 'Ag': 0.21544}",0,6.239566,0.596229,2.296416,2251,0.096154,False
9,38,Co-Hf-Zr-O,"{""Co"": 0.6127436265711366, ""Hf"": 0.14559291750969552, ""Zr"": 0.24166345591916794}",550,0.71855,0.047575,2.297367,2250,0.090909,False
9,39,Mn-Pd-Zn-O,"{""Mn"": 0.03147256616848897, ""Pd"": 0.8932849855435693, ""Zn"": 0.07524244828794169}",550,0.597415,0.071506,2.511864,2249,0.089286,True
9,40,Mn-Pd-Zn-O,"{""Mn"": 0.1416118846462626, ""Pd"": 0.7598139159830843, ""Zn"": 0.09857419937065315}",550,0.560832,0.108665,2.7359,2248,0.227273,False
9,41,Mn-Pd-Zn-O,"{""Mn"": 0.26419546247058057, ""Pd"": 0.36190843804316447, ""Zn"": 0.3738960994862549}",550,0.638504,0.318618,2.7359,2247,0.197368,False
9,42,Mn-Pd-Zn-O,"{""Mn"": 0.0361211644589684, ""Pd"": 0.9294179146764211, ""Zn"": 0.034460920864610466}",550,0.575991,0.019029,2.745089,2246,0.174419,True
9,43,Mn-Pd-Zn-O,"{""Mn"": 0.17679509191352924, ""Pd"": 0.7564293238185086, ""Zn"": 0.06677558426796217}",550,0.61585,0.133639,2.745089,2245,0.260417,False
9,44,Mn-Pd-Zn-O,"{""Mn"": 0.06277842079279056, ""Pd"": 0.2242773871354308, ""Zn"": 0.7129441920717786}",550,0.869945,0.788671,2.745089,2244,0.235849,False
9,45,Mn-Pd-Zn-O,"{""Mn"": 0.18840695577236277, ""Pd"": 0.7594632884437461, ""Zn"": 0.05212975578389115}",550,0.548787,0.131664,2.818577,2243,0.215517,False
9,46,Mn-Pd-Zn-O,"{""Mn"": 0.7191369777559219, ""Pd"": 0.12126288827974634, ""Zn"": 0.15960013396433184}",550,0.745419,0.378635,2.818577,2242,0.198413,False
9,47,Mn-Pd-Zn-O,"{""Mn"": 0.30825547144347915, ""Pd"": 0.1832868914645448, ""Zn"": 0.508457637091976}",550,0.814425,0.354935,2.818577,2241,0.183824,False
9,48,Mn-Pd-Zn-O,"{""Mn"": 0.24500564403099445, ""Pd"": 0.5348248424211384, ""Zn"": 0.22016951354786715}",0,0.66287,0.329632,2.818577,2240,0.171233,False
9,49,Mn-Pd-Zn-O,"{""Mn"": 0.03564564661632152, ""Pd"": 0.669120315294314, ""Zn"": 0.29523403808936444}",550,0.572157,0.212182,2.818577,2239,0.160256,False
9,50,Mn-Pd-Zn-O,"{""Mn"": 0.04634825199718289, ""Pd"": 0.1007530021675263, ""Zn"": 0.8528987458352908}",0,1.056441,1.214834,2.818577,2238,0.150602,False
10,1,Co-Fe-Zr-O,"{""Co"": 0.4533498862802462, ""Fe"": 0.2395239547667195, ""Zr"": 0.30712615895303436}",550,0.740867,0.093743,1.745389,2287,0.5,False
10,2,In-Mn-Pd-O,"{""In"": 0.04878776822910443, ""Mn"": 0.2879258484740704, ""Pd"": 0.6632863832968252}",550,0.495034,-0.075646,3.185561,2286,0.5,True
10,3,In-Mn-Pd-O,"{""In"": 0.33238572777481723, ""Mn"": 0.31711498462046817, ""Pd"": 0.3504992876047146}",550,0.747651,0.119754,3.185561,2285,0.75,False
10,4,Ag-Ge-Hf-O,"{""Ag"": 0.5340977452740955, ""Ge"": 0.3336330618542866, ""Hf"": 0.13226919287161804}",550,0.873013,0.383304,3.185561,2284,0.5,False
10,5,Al-Cu-Mo-O,"{'Al': 0.17549, 'Cu': 0.04471, 'Mo': 0.7798}",550,0.922653,0.08759,3.185561,2283,0.5,False
10,6,Cr-Sb-V-O,"{""Cr"": 0.734176424731226, ""Sb"": 0.08300758042492334, ""V"": 0.18281599484385072}",550,1.009385,0.334807,3.185561,2282,0.5,False
10,7,Mn-Pd-Zn-O,"{""Mn"": 0.035638940730356665, ""Pd"": 0.11625660203743787, ""Zn"": 0.8481044572322054}",550,0.919535,1.293943,3.185561,2281,0.5,False
10,8,Ag-Pb-W-O,"{'Pb': 0.01941, 'W': 0.01367, 'Ag': 0.96692}",0,0.822417,4.008828,3.185561,2280,0.416667,False
10,9,Co-In-Si-O,"{""Co"": 0.8011167051387675, ""In"": 0.19888329486123243}",550,1.632218,0.004338,3.185561,2279,0.4375,False
10,10,In-Mn-Pd-O,"{""In"": 0.08051682457864125, ""Mn"": 0.16358109823978675, ""Pd"": 0.755902077181572}",550,0.546335,0.044137,3.185561,2278,0.405405,True
10,11,In-Mn-Pd-O,"{""In"": 0.28985393550867283, ""Mn"": 0.1965331105863635, ""Pd"": 0.5136129539049638}",550,0.631926,0.06893,3.185561,2277,0.531915,False
10,12,In-Mn-Pd-O,"{""In"": 0.014397582279969259, ""Mn"": 0.22828835007158713, ""Pd"": 0.7573140676484436}",550,0.486738,0.07178,3.236676,2276,0.438597,True
10,13,In-Mn-Pd-O,"{""In"": 0.05021822544889951, ""Mn"": 0.5238487840934755, ""Pd"": 0.42593299045762506}",550,0.521999,0.133746,3.236676,2275,0.522388,False
10,14,In-Mn-Pd-O,"{""In"": 0.1760374963110452, ""Mn"": 0.2991179441506801, ""Pd"": 0.5248445595382746}",550,0.585881,0.120282,3.236676,2274,0.454545,False
10,15,In-Mn-Pd-O,"{""In"": 0.07775666649006174, ""Mn"": 0.3066161909085832, ""Pd"": 0.615627142601355}",0,0.610855,0.190901,3.236676,2273,0.402299,False
10,16,In-Mn-Pd-O,"{""In"": 0.3030841825770378, ""Mn"": 0.23648063450480195, ""Pd"": 0.46043518291816027}",0,0.673578,0.169004,3.236676,2272,0.360825,False
10,17,In-Mn-Pd-O,"{""In"": 0.33966068986042264, ""Mn"": 0.4275171395213902, ""Pd"": 0.23282217061818725}",550,0.673662,0.098734,3.236676,2271,0.327103,False
10,18,Al-Bi-Co-O,"{'Al': 0.32916, 'Co': 0.42892, 'Bi': 0.24191}",550,10.664305,-0.032612,3.236676,2270,0.3125,False
10,19,Fe-Sb-W-O,"{""Fe"": 0.009222159916872058, ""Sb"": 0.000262439262189683, ""W"": 0.9905154008209381}",550,1.221994,-0.125498,3.236676,2269,0.3125,False
10,20,Ge-In-Zr-O,"{""Ge"": 0.05963219807413245, ""In"": 0.12100596026232835, ""Zr"": 0.8193618416635392}",550,1.323159,0.008723,3.236676,2268,0.305556,False
10,21,In-Mn-Pd-O,"{""In"": 0.11262280234658081, ""Mn"": 0.4597804111391463, ""Pd"": 0.42759678651427285}",550,0.558834,0.096854,3.236676,2267,0.294118,True
10,22,In-Mn-Pd-O,"{""In"": 0.042409494002724576, ""Mn"": 0.42689256270205694, ""Pd"": 0.5306979432952185}",550,0.507859,-0.034148,3.236676,2266,0.348837,True
10,23,In-Mn-Pd-O,"{""In"": 0.09571536581703892, ""Mn"": 0.25730804212694447, ""Pd"": 0.6469765920560167}",0,0.593006,0.321881,3.236676,2265,0.395683,False
10,24,In-Mn-Pd-O,"{""In"": 0.05985814259108442, ""Mn"": 0.042915300831115576, ""Pd"": 0.8972265565778}",550,0.567808,-0.05914,3.236676,2264,0.369128,True
10,25,In-Mn-Pd-O,"{""In"": 0.2751377635220254, ""Mn"": 0.15466258695960994, ""Pd"": 0.5701996495183647}",550,0.74366,0.086365,3.236676,2263,0.408805,False
10,26,In-Mn-Pd-O,"{""In"": 0.06362177649416619, ""Mn"": 0.026066824590301282, ""Pd"": 0.9103113989155325}",0,0.580115,0.646838,3.236676,2262,0.384615,False
10,27,In-Mn-Pd-O,"{""In"": 0.2360897577944854, ""Mn"": 0.15734990318291958, ""Pd"": 0.606560339022595}",550,0.842545,0.085874,3.236676,2261,0.363129,False
10,28,In-Mn-Pd-O,"{""In"": 0.0650824434302943, ""Mn"": 0.018730465340316065, ""Pd"": 0.9161870912293896}",0,0.596845,0.814724,3.236676,2260,0.343915,False
10,29,In-Mn-Pd-O,"{""In"": 0.04425727114758724, ""Mn"": 0.7938268917206271, ""Pd"": 0.16191583713178564}",550,0.546871,0.19208,3.236676,2259,0.326633,False
10,30,In-Mn-Pd-O,"{""In"": 0.05379369828820083, ""Mn"": 0.33113609723252174, ""Pd"": 0.6150702044792774}",550,0.500854,0.058014,3.236676,2258,0.311005,True
10,31,In-Mn-Pd-O,"{""In"": 0.07801338718013939, ""Mn"": 0.39997167883629875, ""Pd"": 0.5220149339835619}",550,0.543262,0.139143,3.236676,2257,0.342466,False
10,32,In-Mn-Pd-O,"{""In"": 0.09765043768859957, ""Mn"": 0.21338520725684687, ""Pd"": 0.6889643550545536}",0,0.59123,0.344503,3.236676,2256,0.327511,False
10,33,In-Mn-Pd-O,"{""In"": 0.0793189636274222, ""Mn"": 0.0902428723717034, ""Pd"": 0.8304381640008743}",550,0.55272,-0.029337,3.236676,2255,0.313808,True
10,34,In-Mn-Pd-O,"{""In"": 0.09657890374188693, ""Mn"": 0.5563088524004375, ""Pd"": 0.3471122438576756}",550,0.556307,0.106146,3.236676,2254,0.341365,False
10,35,In-Mn-Pd-O,"{""In"": 0.32896188337225674, ""Mn"": 0.26423614068875634, ""Pd"": 0.40680197593898687}",0,0.694238,0.144329,3.236676,2253,0.328185,False
10,36,In-Mn-Pd-O,"{""In"": 0.05784410646262761, ""Mn"": 0.028938087027910276, ""Pd"": 0.9132178065094622}",550,0.562457,0.02403,3.236676,2252,0.315985,True
10,37,In-Mn-Pd-O,"{""In"": 0.036791407928505195, ""Mn"": 0.01931446609606981, ""Pd"": 0.9438941259754251}",550,0.551155,-0.096188,3.245896,2251,0.340502,True
10,38,In-Mn-Pd-O,"{""In"": 0.06524340670869531, ""Mn"": 0.02153704629566307, ""Pd"": 0.9132195469956416}",550,0.541838,0.044127,3.245896,2250,0.363322,True
10,39,In-Mn-Pd-O,"{""In"": 0.12669507241346578, ""Mn"": 0.2731046362684877, ""Pd"": 0.6002002913180464}",550,0.573808,0.052957,3.245896,2249,0.384615,True
10,40,In-Mn-Pd-O,"{""In"": 0.04009563164933452, ""Mn"": 0.687476608887267, ""Pd"": 0.2724277594633984}",0,0.759601,0.455977,3.245896,2248,0.404531,False
10,41,In-Mn-Pd-O,"{""In"": 0.03829737847977238, ""Mn"": 0.021671502319797566, ""Pd"": 0.94003111920043}",0,0.450141,0.73971,3.446928,2247,0.39185,False
10,42,In-Mn-Pd-O,"{""In"": 0.062027690392852934, ""Mn"": 0.044855619006094194, ""Pd"": 0.8931166906010529}",550,0.550254,-0.07281,3.446928,2246,0.379939,True
10,43,In-Mn-Pd-O,"{""In"": 0.14936205447243683, ""Mn"": 0.2076901438187493, ""Pd"": 0.6429478017088139}",550,0.584246,0.105546,3.446928,2245,0.39823,False
10,44,In-Mn-Pd-O,"{""In"": 0.0502959325660693, ""Mn"": 0.5788076606219809, ""Pd"": 0.3708964068119499}",550,0.522018,0.123232,3.446928,2244,0.386819,False
10,45,In-Mn-Pd-O,"{""In"": 0.0794766217857298, ""Mn"": 0.07566483550407968, ""Pd"": 0.8448585427101906}",550,0.567467,0.010575,3.446928,2243,0.376045,True
10,46,In-Mn-Pd-O,"{""In"": 0.08561389016399013, ""Mn"": 0.1313398420440644, ""Pd"": 0.7830462677919455}",550,0.557793,0.069428,3.446928,2242,0.392954,True
10,47,In-Mn-Pd-O,"{""In"": 0.024548097272416972, ""Mn"": 0.8318328689345476, ""Pd"": 0.1436190337930354}",0,0.734397,0.271452,3.446928,2241,0.408971,False
10,48,In-Mn-Pd-O,"{""In"": 0.044310571423111254, ""Mn"": 0.07464775799245787, ""Pd"": 0.8810416705844308}",550,0.527397,-0.148576,3.472174,2240,0.398458,True
10,49,In-Mn-Pd-O,"{""In"": 0.34809083517660677, ""Mn"": 0.4123490221533221, ""Pd"": 0.2395601426700711}",550,0.71977,0.078869,3.472174,2239,0.413534,False
10,50,In-Mn-Pd-O,"{""In"": 0.07023121592726059, ""Mn"": 0.27670140169429713, ""Pd"": 0.6530673823784422}",550,0.507365,0.090649,3.472174,2238,0.403423,True
