material_system,plot_x_hr,has_blue_marker,overpotential_corrected_avg
InMnPdOx,11.5,False,0.4104013474715626
InMnPdOx,23.5,False,0.4160189012943946
InMnPdOx,35.5,False,0.41393012499553
InMnPdOx,47.5,False,0.4202074641227357
InMnPdOx,59.5,False,0.42321630575047
InMnPdOx,71.5,False,0.4259065834052781
InMnPdOx,83.5,False,0.4116428655153306
InMnPdOx,95.5,False,0.4338019994928763
InMnPdOx,107.5,False,0.4353697955485811
InMnPdOx,119.5,False,0.436450298824372
InMnPdOx,131.5,False,0.4443831260268198
InMnPdOx,143.5,False,0.4453945225718246
InMnPdOx,155.5,False,0.4463887480614721
InMnPdOx,167.5,True,0.4435549388534665
InMnPdOx,179.5,False,0.4217742185892321
InMnPdOx,191.5,False,0.4245325907328348
InMnPdOx,203.5,False,0.4229960228004831
InMnPdOx,215.5,False,0.4229777746249837
InMnPdOx,227.5,False,0.425331197729991
InMnPdOx,239.5,False,0.4260279133549299
InMnPdOx,251.5,False,0.42744832510654
InMnPdOx,263.5,False,0.4299827026892069
InMnPdOx,275.5,False,0.4278529395417589
InMnPdOx,287.5,False,0.4323047297664384
InMnPdOx,299.5,False,0.4387731932525467
InMnPdOx,311.5,False,0.4387442171002204
InMnPdOx,323.5,False,0.4414497922863318
InMnPdOx,335.5,False,0.4395195465734092
InMnPdOx,347.5,False,0.4396106396966502
InMnPdOx,359.5,False,0.4354994251281562
InMnPdOx,371.5,False,0.4432794623833748
InMnPdOx,383.5,False,0.4455125293508563
InMnPdOx,395.5,False,0.4511824057745542
InMnPdOx,407.5,False,0.4481215707257976
InMnPdOx,419.5,False,0.4497488498301499
InMnPdOx,431.5,False,0.4535383807534435
InMnPdOx,443.5,False,0.4580838599668952
InMnPdOx,455.5,False,0.4641622415114732
InMnPdOx,467.5,False,0.4688759635990435
InMnPdOx,479.5,False,0.4709653809996972
InMnPdOx,491.5,False,0.4740349293395997
InMnPdOx,503.5,False,0.4684473543020985
InMnPdOx,515.5,False,0.4744212880331244
InMnPdOx,527.5,False,0.4675702880617584
InMnPdOx,539.5,False,0.4791844107601445
InMnPdOx,551.5,False,0.4708061225080749
InMnPdOx,563.5,False,0.4687622725520256
InMnPdOx,575.5,False,0.5055335381876659
InMnPdOx,587.5,False,0.4862380427794791
InMnPdOx,599.5,False,0.4741054982010278
InMnPdOx,611.5,False,0.4777776706970506
InMnPdOx,623.5,False,0.4771967394415303
InMnPdOx,635.5,False,0.4805830348119417
InMnPdOx,647.5,False,0.4954045784114431
InMnPdOx,659.5,True,0.4852868853343082
InMnPdOx,671.5,False,0.4632902974140432
InMnPdOx,683.5,False,0.4639926373231186
InMnPdOx,695.5,False,0.4642202036289636
InMnPdOx,707.5,False,0.4615947905750969
InMnPdOx,719.5,False,0.459372333791518
InMnPdOx,731.5,False,0.4595363386965682
InMnPdOx,743.5,False,0.4606045302176052
InMnPdOx,755.5,False,0.4584777853470817
InMnPdOx,767.5,False,0.4620094032811451
InMnPdOx,779.5,False,0.4660504911050641
InMnPdOx,791.5,False,0.4670849150815418
InMnPdOx,803.5,False,0.4699193203762828
InMnPdOx,815.5,False,0.4725171292235682
InMnPdOx,827.5,False,0.4659561918727848
InMnPdOx,839.5,False,0.46878609445053
InMnPdOx,851.5,False,0.4697122319993099
InMnPdOx,863.5,False,0.4722407763407606
InMnPdOx,875.5,False,0.4728406131547051
InMnPdOx,887.5,False,0.4745922909825409
InMnPdOx,899.5,False,0.4740877676997226
InMnPdOx,911.5,False,0.4763720484246105
InMnPdOx,923.5,False,0.4771274612384617
InMnPdOx,935.5,False,0.478732753462048
InMnPdOx,947.5,False,0.4834577799032295
InMnPdOx,959.5,False,0.4841347374726139
InMnPdOx,971.5,False,0.4846575960141846
InMnPdOx,983.5,False,0.4866618110358899
InMnPdOx,995.5,False,0.4848290485189768
InMnPdOx,999.5694444444443,False,0.473535752087773
NiTaPdOx,11.5,False,0.4613538423517772
NiTaPdOx,23.5,False,0.4451621503752853
NiTaPdOx,35.5,False,0.4566445007564834
NiTaPdOx,47.5,False,0.4574860802009575
NiTaPdOx,59.5,False,0.4550239837909434
NiTaPdOx,71.5,False,0.458970271139851
NiTaPdOx,83.5,False,0.460647641130504
NiTaPdOx,95.5,False,0.4541367346416725
NiTaPdOx,107.5,False,0.4612731907543905
NiTaPdOx,119.5,False,0.4591086538582857
NiTaPdOx,131.5,False,0.4630763875289957
NiTaPdOx,143.5,False,0.4646800671630198
NiTaPdOx,155.5,False,0.4657954951792264
NiTaPdOx,167.5,False,0.464958975800168
NiTaPdOx,179.5,False,0.4703094648670294
NiTaPdOx,191.5,False,0.4684017582257956
NiTaPdOx,203.5,False,0.4771538011381892
NiTaPdOx,215.5,False,0.4801291577660817
NiTaPdOx,227.5,False,0.483468371922122
NiTaPdOx,239.5,True,0.4853006554967922
NiTaPdOx,251.5,False,0.4740718500517787
NiTaPdOx,263.5,False,0.4696958316136352
NiTaPdOx,275.5,False,0.4695452538848772
NiTaPdOx,287.5,False,0.4692042668345972
NiTaPdOx,299.5,False,0.4715257868165574
NiTaPdOx,311.5,False,0.4698889974320913
NiTaPdOx,323.5,False,0.4750813260020766
NiTaPdOx,335.5,False,0.4732703867540091
NiTaPdOx,347.5,False,0.4761687930971977
NiTaPdOx,359.5,False,0.4809868198891184
NiTaPdOx,371.5,False,0.483533584936964
NiTaPdOx,383.5,False,0.4881193072986702
NiTaPdOx,395.5,False,0.4906717139484839
NiTaPdOx,407.5,False,0.4842686316505608
NiTaPdOx,419.5,False,0.4910717114238472
NiTaPdOx,431.5,False,0.4917900374304243
NiTaPdOx,443.5,False,0.4960166333929321
NiTaPdOx,455.5,False,0.4972965890417543
NiTaPdOx,467.5,False,0.5022451594877119
NiTaPdOx,479.5,False,0.5018012380501823
NiTaPdOx,491.5,False,0.5162405191490518
NiTaPdOx,503.5,False,0.5165368636722271
NiTaPdOx,515.5,False,0.5283413674803839
NiTaPdOx,527.5,False,0.5415424580858187
NiTaPdOx,539.5,False,0.5539709428144463
NiTaPdOx,551.5,False,0.576802001825416
NiTaPdOx,563.5,False,0.6272416140883643
NiTaPdOx,575.3672222222223,False,0.6747352120879991
PdOx,11.5,False,0.4598799979923865
PdOx,23.5,False,0.4644142699377589
PdOx,35.5,False,0.468675377649166
PdOx,47.5,False,0.4696423893709653
PdOx,59.5,False,0.4753502744467166
PdOx,71.5,False,0.4720126437458651
PdOx,83.5,False,0.4838531309548716
PdOx,95.5,False,0.4875496528698561
PdOx,107.5,False,0.4846688466012333
PdOx,119.5,False,0.4798177735894173
PdOx,131.5,False,0.4939748654384783
PdOx,143.5,False,0.4911438231321812
PdOx,155.5,False,0.4972602553426882
PdOx,167.5,False,0.4951036408980854
PdOx,179.5,False,0.5008711910583887
PdOx,191.5,False,0.5020655730377912
PdOx,203.5,False,0.5067758444818962
PdOx,215.5,False,0.5075808283528817
PdOx,227.5,True,0.5098334568544429
PdOx,239.5,False,0.5019227425617799
PdOx,251.5,False,0.5185418695132638
PdOx,263.5,False,0.5217483950711028
PdOx,275.5,False,0.5220392595606135
PdOx,287.5,False,0.5265712154404935
PdOx,299.5,False,0.5256315561502127
PdOx,311.5,False,0.5291715380083761
PdOx,323.5,False,0.5287952185658713
PdOx,335.5,True,0.5026367560750535
PdOx,347.5,False,0.5296611337732058
PdOx,359.5,False,0.5316188308551321
PdOx,371.5,False,0.5336825274980068
PdOx,383.5,False,0.5357073688104451
PdOx,395.5,False,0.532429465314205
PdOx,407.5,False,0.5356521331546793
PdOx,419.5,False,0.5378312040297597
PdOx,431.5,False,0.5399339186063657
PdOx,443.5,False,0.5403175637443028
PdOx,455.5,False,0.543347865342521
PdOx,467.5,False,0.5427991150854521
PdOx,479.5,False,0.5458059778627892
PdOx,491.5,False,0.5464256403307989
PdOx,503.5,False,0.5515055447983211
PdOx,515.5,False,0.5554621337417756
PdOx,527.5,False,0.5556129182719521
PdOx,539.5,False,0.5573803268760495
PdOx,551.5,False,0.5601908734453704
PdOx,563.5,False,0.5572750996872273
PdOx,575.5,False,0.5561189814286436
PdOx,587.5,False,0.5559105638178055
PdOx,599.5,False,0.5586453342515906
PdOx,611.5,False,0.5588588408074288
PdOx,623.5,False,0.5639866468355385
PdOx,635.5,False,0.5628845156209991
PdOx,647.5,False,0.5665947886992007
PdOx,659.5,False,0.5648436187505222
PdOx,671.5,False,0.5695285001096427
PdOx,683.5,False,0.5683618412440882
PdOx,695.5,False,0.5704598190964765
PdOx,707.5,False,0.5706634344841132
PdOx,719.5,False,0.5735432297514889
PdOx,731.5,False,0.5713201064312513
PdOx,743.5,False,0.5757198212417182
PdOx,755.5,False,0.5755169092163737
PdOx,767.5,False,0.5806207267339955
PdOx,779.5,False,0.5801039403478702
PdOx,791.5,False,0.5886716014775805
PdOx,803.5,False,0.5890215430570624
PdOx,815.5,False,0.5995884738535024
PdOx,827.5,False,0.6021023313437152
RuOx,11.5,False,0.3684583229811791
RuOx,23.5,False,0.373437294263175
RuOx,35.5,False,0.3817618038818519
RuOx,47.5,False,0.3845568864384559
RuOx,59.5,False,0.3873182999273997
RuOx,71.5,False,0.3892174210407686
RuOx,83.5,True,0.3933397088394216
RuOx,95.5,False,0.388878177656801
RuOx,107.5,False,0.3823135279231465
RuOx,119.5,False,0.3789409301983499
RuOx,131.5,False,0.3846631421579335
RuOx,143.5,False,0.3877936389509986
RuOx,155.5,False,0.3860897293383568
RuOx,167.5,False,0.3916747027337006
RuOx,179.5,False,0.3881208209722855
RuOx,191.5,False,0.3926285814308661
RuOx,203.5,False,0.393885615397434
RuOx,215.5,False,0.392592837899305
RuOx,227.5,False,0.3946859553470195
RuOx,239.5,False,0.3940919693135826
RuOx,251.5,False,0.3894288588546488
RuOx,263.5,False,0.3928832456067158
RuOx,275.5,False,0.3917108251281763
RuOx,287.5,False,0.3909163703844945
RuOx,299.5,False,0.3907224421330348
RuOx,311.5,False,0.3940663648725899
RuOx,323.5,False,0.388690310034103
RuOx,335.5,False,0.396703056098389
RuOx,347.5,False,0.3952663648388816
RuOx,359.5,False,0.3996571777808074
RuOx,371.5,False,0.3993887210706733
RuOx,383.5,False,0.39964891759476
RuOx,395.5,False,0.40084380719334
RuOx,407.5,False,0.4017694009659166
RuOx,419.5,False,0.3997072558288355
RuOx,431.5,False,0.4039134340581904
RuOx,443.5,False,0.4026430183297129
RuOx,455.5,False,0.4069943158631376
RuOx,467.5,False,0.4074539314958449
RuOx,479.5,False,0.410506731382438
RuOx,491.5,False,0.4089837172617484
RuOx,503.5,False,0.4115981045921133
RuOx,515.5,False,0.4107608228852654
RuOx,527.5,False,0.4148217545405619
RuOx,539.5,False,0.4166982163271573
RuOx,551.5,False,0.4183995192574343
RuOx,563.5,False,0.4186988605318137
RuOx,575.5,False,0.4205401448258841
RuOx,587.5,False,0.4210152419933601
RuOx,599.5,False,0.4243668682805464
RuOx,611.5,False,0.4245339510923312
RuOx,623.5,False,0.4476301159360973
RuOx,635.5,False,0.4575428033496561
RuOx,647.5,False,0.4693703382587262
RuOx,659.5,False,0.4868127251443578
RuOx,661.2491666666666,False,0.4850309605655049
