repeat,step,material_system,composition,anneal_T_C,predicted_overpotential_V,actual_overpotential_V,predicted_molar_change,actual_molar_change,hypervolume
1,1,Co-In-Si-O,"{""Co"": 0.4169115551184158, ""In"": 0.5830884448815842}",0,3.403327,1.107384,0.016999,0.113286,1.74329
1,2,Fe-Sb-W-O,"{""Fe"": 0.053281706630836645, ""Sb"": 0.0030477721923588526, ""W"": 0.9436705211768045}",550,1.734019,1.027596,0.061384,-0.024967,1.74329
1,3,Bi-Ni-Zr-O,"{""Bi"": 0.799487266475573, ""Ni"": 0.16984006981189786, ""Zr"": 0.030672663712529222}",550,2.048507,1.718231,0.021274,0.026602,1.74329
1,4,Mn-Nb-Sb-O,"{""Mn"": 0.4571303249755999, ""Nb"": 0.5372933543813965, ""Sb"": 0.005576320643003576}",550,2.015104,1.079744,0.011415,0.100406,1.74329
1,5,Ni-Pd-Ta-O,"{""Ni"": 0.17250256341319753, ""Pd"": 0.7453462175669912, ""Ta"": 0.08215121901981129}",550,2.131452,0.553072,0.029133,0.029141,2.792671
1,6,Fe-In-Ni-O,"{""Fe"": 0.25174255451010236, ""In"": 0.5751397247339671, ""Ni"": 0.17311772075593046}",600,1.476604,0.975379,0.046874,0.361937,2.792671
1,7,Nb-Ni-Ta-O,"{""Nb"": 0.5392618774230442, ""Ni"": 0.3636946619241437, ""Ta"": 0.09704346065281207}",550,1.685001,2.687193,0.008978,0.022534,2.792671
1,8,Ag-Nb-Ni-O,"{""Ag"": 0.3394320950591408, ""Nb"": 0.5338607924508958, ""Ni"": 0.12670711248996333}",0,2.056271,0.955376,0.033798,0.609831,2.792671
1,9,Co-Nb-Zr-O,"{""Co"": 0.10301977022789781, ""Nb"": 0.5230315239269847, ""Zr"": 0.3739487058451175}",550,1.32123,1.107378,0.02777,0.003703,2.792671
1,10,Co-Nb-Zr-O,"{""Co"": 0.41243857811462126, ""Nb"": 0.4920114181691707, ""Zr"": 0.09555000371620806}",550,1.432351,1.323499,0.02765,0.039128,2.792671
1,11,Ag-Ni-Sb-O,"{'Sb': 0.01763, 'Ni': 0.17502, 'Ag': 0.80735}",0,1.135895,0.934167,0.432219,1.277797,2.792671
1,12,Ag-Nb-Ni-O,"{""Ag"": 0.273455113443174, ""Nb"": 0.49978854071497336, ""Ni"": 0.2267563458418527}",550,1.354418,0.905862,0.384778,0.069315,2.792671
1,13,Ni-Pd-Ta-O,"{""Ni"": 0.06497016675708737, ""Pd"": 0.889758224718729, ""Ta"": 0.045271608524183535}",550,0.729456,0.647123,0.028634,0.004436,2.795224
1,14,Ni-Pd-Ta-O,"{""Ni"": 0.3196113756423825, ""Pd"": 0.48399855624915367, ""Ta"": 0.19639006810846382}",0,0.676439,0.637361,0.233182,0.191978,2.795224
1,15,Ni-Pd-Ta-O,"{""Ni"": 0.10565936912966974, ""Pd"": 0.24771885697404242, ""Ta"": 0.6466217738962878}",550,0.712485,1.303739,0.044077,0.037401,2.795224
1,16,Co-Ni-Pd-O,"{""Co"": 0.25596020863164903, ""Ni"": 0.12306368372571383, ""Pd"": 0.6209761076426372}",550,0.696602,1.063339,0.030141,0.011207,2.795224
1,17,Ni-Pd-Ta-O,"{""Ni"": 0.033213002140411854, ""Pd"": 0.8238943840471122, ""Ta"": 0.14289261381247592}",550,0.659165,0.571994,0.019107,-0.004912,2.798749
1,18,Ni-Pd-Ta-O,"{""Ni"": 0.07894095125371102, ""Pd"": 0.5490135112431097, ""Ta"": 0.3720455375031793}",550,0.795074,1.20314,0.021613,0.027154,2.798749
1,19,Ni-Pd-Ta-O,"{""Ni"": 0.10409852739323483, ""Pd"": 0.685310673868292, ""Ta"": 0.2105907987384732}",550,0.712516,0.74363,0.024056,-0.019365,2.798848
1,20,In-Mn-Pd-O,"{""In"": 0.036791407928505195, ""Mn"": 0.01931446609606981, ""Pd"": 0.9438941259754251}",550,0.732042,0.551155,0.006155,-0.096188,2.840743
1,21,In-Mn-Pd-O,"{""In"": 0.08788896855855852, ""Mn"": 0.07408525184201467, ""Pd"": 0.8380257795994268}",550,0.626071,0.572501,-0.033114,0.045708,2.840743
1,22,Co-Mo-Pd-O,"{""Co"": 0.13701578586074648, ""Mo"": 0.09056728228019642, ""Pd"": 0.7724169318590571}",550,0.651205,0.677782,0.017994,0.038068,2.840743
1,23,Co-Ni-Zr-O,"{""Co"": 0.11285799530248547, ""Ni"": 0.7700213866479172, ""Zr"": 0.11712061804959736}",0,0.891627,1.060773,0.36306,0.763073,2.840743
1,24,Bi-Ni-Zr-O,"{""Bi"": 0.26066939827701613, ""Ni"": 0.694674121729791, ""Zr"": 0.04465647999319285}",0,0.924593,0.923415,0.470476,0.634228,2.840743
1,25,Co-Ni-Pd-O,"{""Co"": 0.056595550085647206, ""Ni"": 0.0041667004736063145, ""Pd"": 0.9392377494407464}",0,0.652098,0.470136,0.191627,0.637252,3.294089
1,26,Co-Mo-Pd-O,"{""Co"": 0.059054130675121115, ""Mo"": 0.03567693488348258, ""Pd"": 0.9052689344413963}",0,0.574603,0.493945,0.390888,0.407524,3.307232
1,27,Nb-Ni-Ta-O,"{""Nb"": 0.508031668527685, ""Ni"": 0.23503704773240905, ""Ta"": 0.2569312837399061}",550,1.512516,2.070313,0.02092,-0.005394,3.307232
1,28,In-Mn-Pd-O,"{""In"": 0.07978659119665726, ""Mn"": 0.2369801359400674, ""Pd"": 0.6832332728632754}",550,0.776286,0.508896,0.01662,0.028395,3.323253
1,29,Mn-Pd-Zn-O,"{""Mn"": 0.19464692904140998, ""Pd"": 0.6827823274826441, ""Zn"": 0.12257074347594592}",550,0.607751,0.563531,0.025199,0.115853,3.323253
1,30,In-Mn-Pd-O,"{""In"": 0.07023121592726059, ""Mn"": 0.27670140169429713, ""Pd"": 0.6530673823784422}",550,0.551939,0.507365,0.057332,0.090649,3.323739
1,31,In-Mn-Pd-O,"{""In"": 0.14936205447243683, ""Mn"": 0.2076901438187493, ""Pd"": 0.6429478017088139}",550,0.642372,0.584246,0.063809,0.105546,3.323739
1,32,In-Mn-Pd-O,"{""In"": 0.09571536581703892, ""Mn"": 0.25730804212694447, ""Pd"": 0.6469765920560167}",0,0.537782,0.593006,0.322534,0.321881,3.323739
1,33,Co-Ni-Pd-O,"{""Co"": 0.07293261412576602, ""Ni"": 0.005519208234546387, ""Pd"": 0.9215481776396875}",550,0.521257,1.041098,0.033797,0.010934,3.323739
1,34,Co-Ni-Pd-O,"{""Co"": 0.04285241184796641, ""Ni"": 0.003501292065647473, ""Pd"": 0.9536462960863862}",0,0.580223,0.467155,0.497988,0.459791,3.345178
1,35,Mn-Ni-Pd-O,"{""Mn"": 0.023010763367858938, ""Ni"": 0.03688561645686756, ""Pd"": 0.9401036201752735}",550,0.602239,0.580131,0.014633,0.116489,3.345178
1,36,Co-Nb-Sn-O,"{'Co': 0.27454386718136153, 'Nb': 0.5495562083960752, 'Sn': 0.17589992442256341}",700,1.591814,0.98162,0.00856,-0.059267,3.345178
1,37,Co-Ni-Pd-O,"{""Co"": 0.03220864466323094, ""Ni"": 0.005054323140198957, ""Pd"": 0.96273703219657}",550,0.534225,1.006575,0.012245,0.082655,3.345178
1,38,Co-Ni-Pd-O,"{""Co"": 0.023424670306801964, ""Ni"": 0.002467217132874793, ""Pd"": 0.9741081125603234}",550,0.726083,1.106269,0.046522,0.034582,3.345178
1,39,Co-Ni-Pd-O,"{""Co"": 0.041183577795834786, ""Ni"": 0.0033916257973575104, ""Pd"": 0.9554247964068077}",0,0.620261,0.456618,0.480235,0.543545,3.405122
1,40,Co-Mo-Pd-O,"{""Co"": 0.04540676417663852, ""Mo"": 0.04064990029904174, ""Pd"": 0.9139433355243198}",550,0.547736,0.680746,0.020308,-0.009735,3.405122
1,41,Co-Ni-Pd-O,"{""Co"": 0.039948117332867634, ""Ni"": 0.004488811226063852, ""Pd"": 0.9555630714410684}",550,0.601834,0.783209,0.06376,0.101466,3.405122
1,42,Mn-Pd-Zn-O,"{""Mn"": 0.37238337092788415, ""Pd"": 0.4596912762164277, ""Zn"": 0.1679253528556881}",550,0.818893,0.655162,0.099303,0.232459,3.405122
1,43,Co-Mo-Pd-O,"{""Co"": 0.025546298486433264, ""Mo"": 0.023649348624183473, ""Pd"": 0.9508043528893831}",550,0.603923,0.631209,0.059214,0.108967,3.405122
1,44,In-Mn-Pd-O,"{""In"": 0.07801338718013939, ""Mn"": 0.39997167883629875, ""Pd"": 0.5220149339835619}",550,0.748499,0.543262,0.098365,0.139143,3.405122
1,45,Co-Nb-Sn-O,"{'Co': 0.3060887525075652, 'Nb': 0.5263746929651044, 'Sn': 0.16753655452733046}",550,1.387314,0.859638,0.000314,-0.026468,3.405122
1,46,Co-Mn-Zr-O,"{""Co"": 0.6306605659000143, ""Mn"": 0.30634279517932134, ""Zr"": 0.06299663892066441}",550,0.91795,0.793098,0.114733,0.001786,3.405122
1,47,Co-Mo-Pd-O,"{""Co"": 0.04468525095573994, ""Mo"": 0.0270797755914407, ""Pd"": 0.9282349734528195}",0,0.555372,0.475728,0.456487,0.470186,3.405122
1,48,In-Mn-Pd-O,"{""In"": 0.05218966198465292, ""Mn"": 0.3271353985864145, ""Pd"": 0.6206749394289326}",550,0.601413,0.512036,0.083654,0.081976,3.405122
1,49,In-Mn-Pd-O,"{""In"": 0.07775666649006174, ""Mn"": 0.3066161909085832, ""Pd"": 0.615627142601355}",0,0.564421,0.610855,0.343853,0.190901,3.405122
1,50,Co-Mo-Pd-O,"{""Co"": 0.03613773428151043, ""Mo"": 0.021021919813891787, ""Pd"": 0.9428403459045978}",550,0.562203,0.628865,0.017373,-0.06209,3.405122
2,1,Co-In-Si-O,"{""Co"": 0.4169115551184158, ""In"": 0.5830884448815842}",0,3.116461,1.107384,-0.002849,0.113286,1.74329
2,2,Fe-Sb-W-O,"{""Fe"": 0.053281706630836645, ""Sb"": 0.0030477721923588526, ""W"": 0.9436705211768045}",550,1.81299,1.027596,0.048588,-0.024967,1.74329
2,3,Bi-Ni-Zr-O,"{""Bi"": 0.799487266475573, ""Ni"": 0.16984006981189786, ""Zr"": 0.030672663712529222}",550,2.323849,1.718231,0.00251,0.026602,1.74329
2,4,Ni-Sb-W-O,"{""Ni"": 0.18677572652769497, ""Sb"": 0.3300330720595656, ""W"": 0.4831912014127395}",550,2.018346,1.192292,0.009468,0.010524,1.74329
2,5,Co-Nb-Sn-O,"{'Co': 0.477187604600918, 'Nb': 0.3282476046265705, 'Sn': 0.1945647907725116}",550,1.995011,0.839877,0.018915,0.04253,1.74329
2,6,Co-Ni-Ta-O,"{""Co"": 0.28278907660766045, ""Ni"": 0.18636657971063122, ""Ta"": 0.5308443436817083}",550,1.489939,1.199792,0.03055,0.011212,1.74329
2,7,Nb-Ni-Ta-O,"{""Nb"": 0.5392618774230442, ""Ni"": 0.3636946619241437, ""Ta"": 0.09704346065281207}",550,1.686208,2.687193,-7.8e-05,0.022534,1.74329
2,8,Ag-Nb-Ni-O,"{""Ag"": 0.3394320950591408, ""Nb"": 0.5338607924508958, ""Ni"": 0.12670711248996333}",0,2.198426,0.955376,0.033421,0.609831,1.74329
2,9,Co-Nb-Zr-O,"{""Co"": 0.41243857811462126, ""Nb"": 0.4920114181691707, ""Zr"": 0.09555000371620806}",550,1.765371,1.323499,0.023188,0.039128,1.74329
2,10,Mn-Nb-Sb-O,"{""Mn"": 0.4571303249755999, ""Nb"": 0.5372933543813965, ""Sb"": 0.005576320643003576}",550,1.905743,1.079744,0.020572,0.100406,1.74329
2,11,Co-Nb-Zr-O,"{""Co"": 0.10301977022789781, ""Nb"": 0.5230315239269847, ""Zr"": 0.3739487058451175}",550,1.434323,1.107378,0.036443,0.003703,1.74329
2,12,Co-Nb-Sn-O,"{'Co': 0.2988844603210729, 'Nb': 0.5262393703499926, 'Sn': 0.17487616932893457}",550,1.659288,0.931565,0.032587,0.017941,1.74329
2,13,Ag-Nb-Ni-O,"{""Ag"": 0.273455113443174, ""Nb"": 0.49978854071497336, ""Ni"": 0.2267563458418527}",550,1.459683,0.905862,0.324587,0.069315,1.74329
2,14,Co-Ni-Ta-O,"{""Co"": 0.7045514760648363, ""Ni"": 0.23640665295531985, ""Ta"": 0.05904187097984386}",0,1.110087,0.56503,0.116319,0.529119,2.631644
2,15,Co-Nb-Sn-O,"{'Co': 0.70247, 'Nb': 0.2228, 'Sn': 0.07473}",550,0.928324,0.822719,0.153156,0.006849,2.631644
2,16,Co-In-Zr-O,"{""Co"": 0.7642750718606691, ""In"": 0.16032402248016653, ""Zr"": 0.07540090565916437}",0,1.042586,0.543965,0.333162,0.444544,2.76675
2,17,Co-In-Zr-O,"{""Co"": 0.7714518959042741, ""In"": 0.16777727175546636, ""Zr"": 0.0607708323402596}",550,0.785044,0.586416,0.169695,0.2292,2.798712
2,18,Co-Sb-Zr-O,"{""Co"": 0.7553729256605235, ""Sb"": 0.015253478736914995, ""Zr"": 0.22937359560256151}",550,0.697468,1.041386,0.186807,0.079945,2.798712
2,19,Co-Nb-Zr-O,"{""Co"": 0.8381564933715236, ""Nb"": 0.081203527384317, ""Zr"": 0.08063997924415944}",550,0.671996,0.652228,0.161725,0.061435,2.815197
2,20,Co-Mn-Sn-O,"{""Co"": 0.739857849958722, ""Mn"": 0.26014215004127805, ""Sn"": 0.0}",0,0.768231,0.701671,0.372917,0.062259,2.815197
2,21,Co-Nb-Zr-O,"{""Co"": 0.33412948471187787, ""Nb"": 0.5053194343848834, ""Zr"": 0.16055108090323886}",550,1.203706,1.268756,0.026662,0.00311,2.815197
2,22,Co-Ni-Ta-O,"{""Co"": 0.7561351522042932, ""Ni"": 0.18751291271635315, ""Ta"": 0.05635193507935367}",550,0.731396,0.635258,0.117195,0.186207,2.815927
2,23,Co-Ni-Zr-O,"{""Co"": 0.5031749149863485, ""Ni"": 0.3232107946739678, ""Zr"": 0.17361429033968362}",0,0.905448,0.77848,0.277918,0.598115,2.815927
2,24,Al-Bi-Co-O,"{'Al': 0.04259, 'Co': 0.75396, 'Bi': 0.20345}",550,0.711773,0.937983,0.090316,0.051994,2.815927
2,25,Co-Ni-Ta-O,"{""Co"": 0.7412025562138433, ""Ni"": 0.217362167858777, ""Ta"": 0.041435275927379556}",0,0.683939,0.618133,0.446299,0.511283,2.815927
2,26,Nb-Ni-Ta-O,"{""Nb"": 0.508031668527685, ""Ni"": 0.23503704773240905, ""Ta"": 0.2569312837399061}",550,1.522152,2.070313,0.027086,-0.005394,2.815927
2,27,Bi-Ni-Zr-O,"{""Bi"": 0.43188884893049984, ""Ni"": 0.354265459321912, ""Zr"": 0.2138456917475881}",550,1.198777,0.8711,0.044018,0.343405,2.815927
2,28,Co-In-Si-O,"{""Co"": 0.7593432550109557, ""In"": 0.2406567449890443}",550,0.638816,2.051117,0.161674,0.005307,2.815927
2,29,Co-In-Si-O,"{""Co"": 0.8126018998554471, ""In"": 0.1873981001445529}",550,0.821212,0.913937,0.118098,0.078247,2.815927
2,30,Co-In-Zr-O,"{""Co"": 0.7704059432752054, ""In"": 0.17190637943801657, ""Zr"": 0.05768767728677797}",550,0.727917,0.591444,0.185841,0.224257,2.816143
2,31,Co-In-Zr-O,"{""Co"": 0.7803621763480014, ""In"": 0.12163048961618128, ""Zr"": 0.0980073340358173}",0,0.604584,0.532254,0.356249,0.4309,2.884666
2,32,Co-Ni-Pd-O,"{""Co"": 0.7578304947198521, ""Ni"": 0.010974381710097318, ""Pd"": 0.23119512357005062}",550,0.800496,0.685741,0.067812,0.059918,2.884764
2,33,Ag-Nb-Ni-O,"{""Ag"": 0.4785188711677248, ""Nb"": 0.48652955381979124, ""Ni"": 0.03495157501248397}",550,1.282142,0.896954,0.053767,0.147469,2.884764
2,34,Co-In-Si-O,"{""Co"": 0.8404820720221606, ""In"": 0.1595179279778393}",550,0.703197,0.797557,0.091743,0.086636,2.884764
2,35,Co-Nb-Sn-O,"{'Co': 0.27454386718136153, 'Nb': 0.5495562083960752, 'Sn': 0.17589992442256341}",700,1.474749,0.98162,0.015125,-0.059267,2.884846
2,36,Co-In-Si-O,"{""Co"": 0.7861806380580796, ""In"": 0.21381936194192044}",550,1.104496,6.036731,0.114388,-0.010085,2.884846
2,37,Al-Bi-Co-O,"{'Al': 0.15654, 'Co': 0.79631, 'Bi': 0.04716}",700,1.121208,0.749442,0.06571,0.03568,2.884872
2,38,Co-Nb-Sn-O,"{'Co': 0.94704, 'Nb': 0.03337, 'Sn': 0.01959}",550,0.906288,0.685348,0.068713,0.001671,2.888641
2,39,Co-In-Si-O,"{""Co"": 0.8011167051387675, ""In"": 0.19888329486123243}",550,1.949112,1.632218,0.058244,0.004338,2.888641
2,40,Co-In-Si-O,"{""Co"": 0.7970107883098309, ""In"": 0.20298921169016915}",550,2.593799,10.60657,0.013178,-0.006814,2.888641
2,41,Co-In-Si-O,"{""Co"": 0.5840952640565931, ""In"": 0.41590473594340704}",550,2.682426,7.448772,0.015228,0.010328,2.888641
2,42,Co-In-Zr-O,"{""Co"": 0.12505432598652316, ""In"": 0.743700667195564, ""Zr"": 0.1312450068179128}",0,3.011992,0.946474,0.32068,0.657924,2.888641
2,43,Co-In-Si-O,"{""Co"": 0.09054266783043065, ""In"": 0.9094573321695694}",0,2.153315,1.026172,0.382255,0.442124,2.888641
2,44,Co-Nb-Sn-O,"{'Co': 0.794170329962702, 'Nb': 0.1514731810534238, 'Sn': 0.05435648898387416}",550,1.010507,0.672724,0.021253,-0.015413,2.890724
2,45,Co-In-Si-O,"{""Co"": 0.13803822032991858, ""In"": 0.8619617796700815}",550,3.220402,0.962226,0.020448,0.271652,2.890724
2,46,Co-Nb-Sn-O,"{'Co': 0.79862, 'Nb': 0.14474, 'Sn': 0.05664}",550,0.994726,0.725901,0.000695,0.020758,2.890724
2,47,Ge-In-Zr-O,"{""Ge"": 0.5331711474608857, ""In"": 0.21906625327605184, ""Zr"": 0.24776259926306257}",0,3.266025,1.074874,0.535896,0.712413,2.890724
2,48,Co-In-Zr-O,"{""Co"": 0.25231117718904833, ""In"": 0.6327297387093755, ""Zr"": 0.11495908410157603}",550,1.93038,0.87028,0.15153,0.49883,2.890724
2,49,Co-In-Si-O,"{""Co"": 0.42672694134941414, ""In"": 0.5732730586505859}",550,2.648109,5.502682,0.272759,0.001657,2.890724
2,50,Co-In-Si-O,"{""Co"": 0.8666283335959492, ""In"": 0.13337166640405085}",550,0.961585,0.782023,0.075874,-0.031681,2.890724
3,1,Co-In-Si-O,"{""Co"": 0.4169115551184158, ""In"": 0.5830884448815842}",0,3.87198,1.107384,0.005906,0.113286,1.74329
3,2,Fe-Sb-W-O,"{""Fe"": 0.053281706630836645, ""Sb"": 0.0030477721923588526, ""W"": 0.9436705211768045}",550,2.012244,1.027596,0.053347,-0.024967,1.74329
3,3,Bi-Ni-Zr-O,"{""Bi"": 0.799487266475573, ""Ni"": 0.16984006981189786, ""Zr"": 0.030672663712529222}",550,1.934094,1.718231,0.010122,0.026602,1.74329
3,4,Mn-Nb-Sb-O,"{""Mn"": 0.4571303249755999, ""Nb"": 0.5372933543813965, ""Sb"": 0.005576320643003576}",550,1.875619,1.079744,0.00739,0.100406,1.74329
3,5,Ni-Sb-W-O,"{""Ni"": 0.18677572652769497, ""Sb"": 0.3300330720595656, ""W"": 0.4831912014127395}",550,2.113867,1.192292,0.035237,0.010524,1.74329
3,6,Fe-In-Ni-O,"{""Fe"": 0.25174255451010236, ""In"": 0.5751397247339671, ""Ni"": 0.17311772075593046}",600,1.75467,0.975379,0.031895,0.361937,1.74329
3,7,Ag-Nb-Ni-O,"{""Ag"": 0.3394320950591408, ""Nb"": 0.5338607924508958, ""Ni"": 0.12670711248996333}",0,1.581973,0.955376,0.025189,0.609831,1.74329
3,8,Co-Nb-Zr-O,"{""Co"": 0.41243857811462126, ""Nb"": 0.4920114181691707, ""Zr"": 0.09555000371620806}",550,1.477991,1.323499,0.044173,0.039128,1.74329
3,9,Ag-Ni-Sb-O,"{'Sb': 0.00371, 'Ag': 0.82426, 'Ni': 0.17203}",550,1.333463,5.478394,0.293599,1.011823,1.74329
3,10,Ag-Nb-Ni-O,"{""Ag"": 0.5729225195624765, ""Nb"": 0.02377408863773864, ""Ni"": 0.40330339179978486}",550,1.409272,0.710557,0.667489,0.555377,1.801332
3,11,Co-Ni-Ta-O,"{""Co"": 0.28278907660766045, ""Ni"": 0.18636657971063122, ""Ta"": 0.5308443436817083}",550,2.631707,1.199792,0.047111,0.011212,1.801332
3,12,Nb-Ni-Ta-O,"{""Nb"": 0.5392618774230442, ""Ni"": 0.3636946619241437, ""Ta"": 0.09704346065281207}",550,1.629651,2.687193,0.00381,0.022534,1.801332
3,13,Ag-Ni-Sb-O,"{'Sb': 0.03919, 'Ni': 0.43603, 'Ag': 0.52478}",0,1.212586,0.928008,0.687562,0.766482,1.801332
3,14,Ag-Nb-Ni-O,"{""Ag"": 0.7334204348469423, ""Nb"": 0.0, ""Ni"": 0.2665795651530576}",550,2.12271,0.714617,0.771483,0.971648,1.801332
3,15,Ag-Nb-Ni-O,"{""Ag"": 0.775445937558044, ""Nb"": 0.15176543615430063, ""Ni"": 0.07278862628765538}",550,2.62987,0.974952,0.7817,0.537266,1.801332
3,16,Al-Ni-Ti-O,"{'Ni': 0.17741, 'Al': 0.50466, 'Ti': 0.31793}",700,1.351687,1.118346,0.056675,0.006145,1.801332
3,17,Mn-Ni-Pd-O,"{""Mn"": 0.04260347552650108, ""Ni"": 0.17298846507715393, ""Pd"": 0.7844080593963451}",550,1.455247,0.606701,0.039052,0.057486,2.455901
3,18,Ag-Nb-Ni-O,"{""Ag"": 0.7877462737972759, ""Nb"": 0.010347449157419348, ""Ni"": 0.20190627704530473}",550,1.525104,0.766807,0.83024,1.051543,2.455901
3,19,Ag-Ge-Hf-O,"{""Ag"": 0.7069139004905907, ""Ge"": 0.13593566510743485, ""Hf"": 0.1571504344019745}",550,1.281336,0.846245,0.791188,0.326377,2.455901
3,20,Ag-Ni-Sb-O,"{'Sb': 0.28804, 'Ag': 0.65912, 'Ni': 0.05284}",550,1.128252,0.810124,0.545305,0.477849,2.455901
3,21,Ag-Nb-Ni-O,"{""Ag"": 0.9403802488116261, ""Nb"": 0.038131939519599756, ""Ni"": 0.021487811668774136}",550,3.486963,0.879522,0.733725,1.466686,2.455901
3,22,Cr-Sb-V-O,"{""Cr"": 0.8527202460341154, ""Sb"": 0.055532323518980256, ""V"": 0.09174743044690427}",550,1.403665,1.048493,0.03979,0.438407,2.455901
3,23,Ag-Ge-Hf-O,"{""Ag"": 0.917911210301005, ""Ge"": 0.03375572209900701, ""Hf"": 0.04833306759998804}",0,2.531742,0.806531,1.082135,0.945974,2.455901
3,24,Ag-Ge-Hf-O,"{""Ag"": 0.8889489936558213, ""Ge"": 0.0356477142057993, ""Hf"": 0.07540329213837943}",550,1.485977,0.884244,0.984985,0.618204,2.455901
3,25,Ag-Pb-W-O,"{'Ag': 0.82658, 'Pb': 0.07894, 'W': 0.09448}",0,1.442669,0.735488,0.869727,5.27383,2.455901
3,26,Ag-Nb-Ni-O,"{""Ag"": 0.8118962085566067, ""Nb"": 0.0, ""Ni"": 0.18810379144339326}",550,1.4832,1.140515,0.962984,0.977292,2.455901
3,27,Ni-Sb-W-O,"{""Ni"": 0.13258685312680504, ""Sb"": 0.017583582807087404, ""W"": 0.8498295640661075}",0,1.780076,0.948427,0.311331,2.221834,2.455901
3,28,Ag-Ni-Sb-O,"{'Sb': 0.10371, 'Ni': 0.03831, 'Ag': 0.85797}",0,1.950325,0.867119,0.937221,1.137483,2.455901
3,29,Ag-Ni-Sb-O,"{'Sb': 0.00613, 'Ni': 0.02755, 'Ag': 0.96632}",0,2.283941,0.924153,1.124917,2.241688,2.455901
3,30,Fe-Sb-W-O,"{""Fe"": 0.9902852139523443, ""Sb"": 0.009714786047655731, ""W"": 0.0}",550,1.510422,0.804062,0.302188,0.023086,2.455901
3,31,Fe-Sb-W-O,"{""Fe"": 0.06414771736933099, ""Sb"": 0.004726713927963198, ""W"": 0.9311255687027058}",550,1.76407,10.664318,0.604053,-0.028342,2.455901
3,32,Fe-In-Ni-O,"{""Fe"": 0.5632101243531344, ""In"": 0.09107444089362728, ""Ni"": 0.34571543475323835}",600,1.73115,0.787506,0.117498,0.152402,2.455901
3,33,Fe-Sb-W-O,"{""Fe"": 0.05215017144896535, ""Sb"": 0.0017975264837702897, ""W"": 0.9460523020672643}",550,3.81906,0.961172,0.088673,0.102277,2.455901
3,34,Fe-In-Ni-O,"{""Fe"": 0.12461145667546966, ""In"": 0.7601258736274839, ""Ni"": 0.11526266969704645}",600,1.870947,0.978971,0.204584,0.080377,2.455901
3,35,Ni-Sb-W-O,"{""Ni"": 0.02229864173969836, ""Sb"": 0.004264699747322376, ""W"": 0.9734366585129793}",0,4.079593,6.107923,1.06509,1.77927,2.455901
3,36,Fe-Sb-W-O,"{""Fe"": 0.6209883350056749, ""Sb"": 0.005862636131486185, ""W"": 0.373149028862839}",550,1.88419,1.06205,0.08655,0.107234,2.455901
3,37,Fe-Sb-W-O,"{""Fe"": 0.41444122241918646, ""Sb"": 0.011393693975166907, ""W"": 0.5741650836056466}",550,1.933963,1.228793,0.09002,0.008066,2.455901
3,38,Co-Mn-W-O,"{'Co': 0.04509209214821983, 'W': 0.9373473630171487, 'Mn': 0.017560544834631448}",550,2.991538,1.156979,0.044228,-0.066078,2.455901
3,39,Co-Mn-W-O,"{'Co': 0.03904, 'Mn': 0.04188, 'W': 0.91907}",550,2.562047,1.048589,0.010596,0.094439,2.455901
3,40,Fe-Sb-W-O,"{""Fe"": 0.17383705415169207, ""Sb"": 0.003321423399384865, ""W"": 0.8228415224489231}",550,2.667715,0.946772,0.002543,0.091363,2.455901
3,41,Fe-Sb-W-O,"{'Sb': 0.016817723136900834, 'W': 0.916062585505748, 'Fe': 0.06711969135735119}",0,4.015775,0.939649,1.407222,0.029534,2.455901
3,42,Fe-Sb-W-O,"{'Sb': 0.01031, 'W': 0.89228, 'Fe': 0.09741}",0,2.139336,0.933529,0.533326,1.836288,2.455901
3,43,Fe-Sb-W-O,"{'Sb': 0.027175551622698888, 'W': 0.9207275938513088, 'Fe': 0.05209685452599234}",0,1.939307,0.950191,0.826389,0.026885,2.455901
3,44,Ni-Sb-W-O,"{""Ni"": 0.03216765414268587, ""Sb"": 0.031374185228674155, ""W"": 0.93645816062864}",550,5.496622,1.002492,0.113593,0.122236,2.455901
3,45,Fe-Sb-W-O,"{""Fe"": 0.04553111737253496, ""Sb"": 0.001364204677489476, ""W"": 0.9531046779499757}",550,1.578088,10.663267,0.059928,0.042972,2.455901
3,46,Fe-Sb-W-O,"{""Fe"": 0.05180786321207896, ""Sb"": 0.00031274519912333746, ""W"": 0.9478793915887976}",550,1.834501,10.664441,0.046274,-0.01048,2.455901
3,47,Ni-Sb-W-O,"{""Ni"": 0.05456435312413224, ""Sb"": 0.004362137009009926, ""W"": 0.9410735098668578}",550,2.414361,10.701909,0.067232,-0.090782,2.455901
3,48,Ni-Sb-W-O,"{""Ni"": 0.019245988071356582, ""Sb"": 0.046337668349641085, ""W"": 0.9344163435790024}",0,3.138967,6.32158,0.651736,1.69239,2.455901
3,49,Ni-Sb-W-O,"{""Ni"": 0.046552222645891324, ""Sb"": 0.04107872859788947, ""W"": 0.9123690487562192}",550,1.491323,1.009526,0.170561,0.078867,2.455901
3,50,Fe-Sb-W-O,"{""Fe"": 0.1632301339884399, ""Sb"": 0.003950263601015167, ""W"": 0.8328196024105449}",550,1.286954,1.276302,0.078318,0.009644,2.455901
4,1,Co-In-Si-O,"{""Co"": 0.4169115551184158, ""In"": 0.5830884448815842}",0,3.422284,1.107384,0.00553,0.113286,1.74329
4,2,Fe-Sb-W-O,"{""Fe"": 0.053281706630836645, ""Sb"": 0.0030477721923588526, ""W"": 0.9436705211768045}",550,1.693602,1.027596,0.049974,-0.024967,1.74329
4,3,Fe-Ni-Ta-O,"{""Fe"": 0.3020023646506278, ""Ni"": 0.16412944382817807, ""Ta"": 0.5338681915211941}",400,1.936157,1.168,0.004026,0.023447,1.74329
4,4,Mn-Nb-Sb-O,"{""Mn"": 0.4571303249755999, ""Nb"": 0.5372933543813965, ""Sb"": 0.005576320643003576}",550,2.247082,1.079744,0.00172,0.100406,1.74329
4,5,Ni-Pd-Ta-O,"{""Ni"": 0.17250256341319753, ""Pd"": 0.7453462175669912, ""Ta"": 0.08215121901981129}",550,1.522988,0.553072,0.018939,0.029141,2.792671
4,6,Co-Nb-Sn-O,"{'Co': 0.477187604600918, 'Nb': 0.3282476046265705, 'Sn': 0.1945647907725116}",550,1.537956,0.839877,0.035913,0.04253,2.792671
4,7,Nb-Ni-Ta-O,"{""Nb"": 0.5392618774230442, ""Ni"": 0.3636946619241437, ""Ta"": 0.09704346065281207}",550,1.571415,2.687193,0.005943,0.022534,2.792671
4,8,Ag-Nb-Ni-O,"{""Ag"": 0.3394320950591408, ""Nb"": 0.5338607924508958, ""Ni"": 0.12670711248996333}",0,1.947628,0.955376,0.032016,0.609831,2.792671
4,9,Mn-Ni-Pd-O,"{""Mn"": 0.04260347552650108, ""Ni"": 0.17298846507715393, ""Pd"": 0.7844080593963451}",550,0.856988,0.606701,0.028937,0.057486,2.792671
4,10,Co-Nb-Zr-O,"{""Co"": 0.41243857811462126, ""Nb"": 0.4920114181691707, ""Zr"": 0.09555000371620806}",550,1.467492,1.323499,0.038529,0.039128,2.792671
4,11,Ag-Nb-Ni-O,"{""Ag"": 0.273455113443174, ""Nb"": 0.49978854071497336, ""Ni"": 0.2267563458418527}",550,1.38736,0.905862,0.314762,0.069315,2.792671
4,12,Co-Nb-Sn-O,"{'Co': 0.2988844603210729, 'Nb': 0.5262393703499926, 'Sn': 0.17487616932893457}",550,1.654927,0.931565,0.038293,0.017941,2.792671
4,13,Co-Nb-Sn-O,"{'Co': 0.3060887525075652, 'Nb': 0.5263746929651044, 'Sn': 0.16753655452733046}",550,1.293514,0.859638,0.025584,-0.026468,2.792671
4,14,Ni-Pd-Ta-O,"{""Ni"": 0.10073667080010576, ""Pd"": 0.45605188139484126, ""Ta"": 0.443211447805053}",550,0.697553,1.39701,0.028674,-0.00629,2.792671
4,15,Co-Ni-Pd-O,"{""Co"": 0.039948117332867634, ""Ni"": 0.004488811226063852, ""Pd"": 0.9555630714410684}",550,0.758494,0.783209,0.031337,0.101466,2.792671
4,16,Co-Nb-Sn-O,"{'Co': 0.27454386718136153, 'Nb': 0.5495562083960752, 'Sn': 0.17589992442256341}",700,1.434048,0.98162,0.006797,-0.059267,2.792753
4,17,Ni-Pd-Ta-O,"{""Ni"": 0.24465377865737142, ""Pd"": 0.5761164341143308, ""Ta"": 0.1792297872282978}",0,0.913398,0.594298,0.105786,0.230382,2.792753
4,18,Ni-Pd-Ta-O,"{""Ni"": 0.04413737062120079, ""Pd"": 0.6869342835874181, ""Ta"": 0.2689283457913811}",550,0.767163,0.564769,0.031194,-0.000331,2.798227
4,19,Nb-Ni-Ta-O,"{""Nb"": 0.5530122160327089, ""Ni"": 0.14038634580272824, ""Ta"": 0.30660143816456287}",550,2.036015,2.382656,0.023049,-0.015189,2.798227
4,20,Ni-Pd-Ta-O,"{""Ni"": 0.2997070862446293, ""Pd"": 0.38618011791956186, ""Ta"": 0.3141127958358088}",550,0.898924,0.804354,0.019875,0.019809,2.798227
4,21,Ni-Pd-Ta-O,"{""Ni"": 0.07894095125371102, ""Pd"": 0.5490135112431097, ""Ta"": 0.3720455375031793}",550,0.79936,1.20314,-0.00077,0.027154,2.798227
4,22,Mn-Ni-Pd-O,"{""Mn"": 0.32837476139069816, ""Ni"": 0.06679205532832869, ""Pd"": 0.6048331832809731}",550,0.712191,0.523845,0.046578,0.176908,2.975222
4,23,Mn-Pd-Zn-O,"{""Mn"": 0.030963692468232024, ""Pd"": 0.7418484037406559, ""Zn"": 0.22718790379111203}",550,0.677836,0.595813,0.044779,0.152457,2.975222
4,24,In-Mn-Pd-O,"{""In"": 0.042409494002724576, ""Mn"": 0.42689256270205694, ""Pd"": 0.5306979432952185}",550,0.742237,0.507859,0.120026,-0.034148,3.088596
4,25,In-Mn-Pd-O,"{""In"": 0.1760374963110452, ""Mn"": 0.2991179441506801, ""Pd"": 0.5248445595382746}",550,0.608128,0.585881,0.029731,0.120282,3.088596
4,26,Mn-Pd-Zn-O,"{""Mn"": 0.37238337092788415, ""Pd"": 0.4596912762164277, ""Zn"": 0.1679253528556881}",550,0.673273,0.655162,0.079251,0.232459,3.088596
4,27,In-Mn-Pd-O,"{""In"": 0.11262280234658081, ""Mn"": 0.4597804111391463, ""Pd"": 0.42759678651427285}",550,0.727002,0.558834,0.065508,0.096854,3.088596
4,28,Nb-Ni-Ta-O,"{""Nb"": 0.508031668527685, ""Ni"": 0.23503704773240905, ""Ta"": 0.2569312837399061}",550,1.363203,2.070313,0.01975,-0.005394,3.088596
4,29,In-Mn-Pd-O,"{""In"": 0.04009563164933452, ""Mn"": 0.687476608887267, ""Pd"": 0.2724277594633984}",0,0.745737,0.759601,0.143704,0.455977,3.088596
4,30,Mn-Ni-Pd-O,"{""Mn"": 0.1363713256402836, ""Ni"": 0.3915977059300191, ""Pd"": 0.47203096842969733}",550,0.646595,0.644849,0.096515,0.195622,3.088596
4,31,In-Mn-Pd-O,"{""In"": 0.05021822544889951, ""Mn"": 0.5238487840934755, ""Pd"": 0.42593299045762506}",550,0.631775,0.521999,0.071873,0.133746,3.088596
4,32,Co-Mo-Pd-O,"{""Co"": 0.24826490551664546, ""Mo"": 0.19542662242009914, ""Pd"": 0.5563084720632554}",550,0.718157,0.77956,0.037265,0.05214,3.088596
4,33,Ni-Pd-Ta-O,"{""Ni"": 0.2572176187727891, ""Pd"": 0.508789319463049, ""Ta"": 0.23399306176416199}",0,0.66253,0.737123,0.225835,0.149107,3.088596
4,34,Ni-Pd-Ta-O,"{""Ni"": 0.10409852739323483, ""Pd"": 0.685310673868292, ""Ta"": 0.2105907987384732}",550,0.595491,0.74363,0.043415,-0.019365,3.088596
4,35,Co-Mn-Mo-O,"{'Mn': 0.22112, 'Co': 0.52452, 'Mo': 0.25437}",550,0.839069,0.740905,0.105966,0.095189,3.088596
4,36,Co-Mn-Nb-O,"{""Co"": 0.2855514538941347, ""Mn"": 0.13342251975662192, ""Nb"": 0.5810260263492434}",400,1.392774,1.432106,0.047015,0.041078,3.088596
4,37,Mn-Pd-Zn-O,"{""Mn"": 0.48966437868125506, ""Pd"": 0.42888968180492804, ""Zn"": 0.08144593951381679}",550,0.566456,0.609758,0.10102,0.230775,3.088596
4,38,Co-Nb-Zr-O,"{""Co"": 0.33412948471187787, ""Nb"": 0.5053194343848834, ""Zr"": 0.16055108090323886}",550,1.11944,1.268756,0.013947,0.00311,3.088596
4,39,In-Mn-Pd-O,"{""In"": 0.32896188337225674, ""Mn"": 0.26423614068875634, ""Pd"": 0.40680197593898687}",0,0.632415,0.694238,0.210536,0.144329,3.088596
4,40,In-Mn-Pd-O,"{""In"": 0.03713790635536924, ""Mn"": 0.015349167470548382, ""Pd"": 0.9475129261740823}",550,0.652571,0.554892,0.045799,-0.046614,3.091034
4,41,Ni-Pd-Ta-O,"{""Ni"": 0.031209369965014742, ""Pd"": 0.7817180816866676, ""Ta"": 0.1870725483483176}",550,0.603,0.536471,0.009328,-0.002859,3.091034
4,42,Co-Mo-Pd-O,"{""Co"": 0.10280266056885054, ""Mo"": 0.07772473929575842, ""Pd"": 0.8194726001353911}",550,0.684502,0.663628,0.022617,0.053745,3.091034
4,43,Ni-Pd-Ta-O,"{""Ni"": 0.026333215251755263, ""Pd"": 0.9383426092654501, ""Ta"": 0.0353241754827947}",0,0.615402,0.468703,0.183315,0.33622,3.32192
4,44,Ni-Pd-Ta-O,"{""Ni"": 0.01962003640423475, ""Pd"": 0.9582928282507238, ""Ta"": 0.022087135345041434}",0,0.556384,0.467209,0.269819,0.364779,3.33069
4,45,Mn-Pd-Zn-O,"{""Mn"": 0.01785209824110034, ""Pd"": 0.9522700654484872, ""Zn"": 0.029877836310412426}",0,0.520731,0.466356,0.319401,0.432227,3.335637
4,46,Mn-Ni-Pd-O,"{""Mn"": 0.11736376963788844, ""Ni"": 0.0905246155730535, ""Pd"": 0.792111614789058}",550,0.614734,0.622796,0.066956,-0.009966,3.335637
4,47,Co-Ni-Pd-O,"{""Co"": 0.041183577795834786, ""Ni"": 0.0033916257973575104, ""Pd"": 0.9554247964068077}",0,0.638147,0.456618,0.360078,0.543545,3.391038
4,48,Co-Ni-Pd-O,"{""Co"": 0.04285241184796641, ""Ni"": 0.003501292065647473, ""Pd"": 0.9536462960863862}",0,0.504573,0.467155,0.483469,0.459791,3.391038
4,49,Co-Ni-Pd-O,"{""Co"": 0.37735375415429767, ""Ni"": 0.012667400098152743, ""Pd"": 0.6099788457475495}",0,0.580179,0.567922,0.353095,0.347821,3.391038
4,50,Co-Ni-Pd-O,"{""Co"": 0.333282453406405, ""Ni"": 0.1772458899500927, ""Pd"": 0.4894716566435023}",0,0.691917,0.668617,0.323948,0.144135,3.391038
5,1,Co-In-Si-O,"{""Co"": 0.4169115551184158, ""In"": 0.5830884448815842}",0,4.047665,1.107384,0.009326,0.113286,1.74329
5,2,Fe-Sb-W-O,"{""Fe"": 0.053281706630836645, ""Sb"": 0.0030477721923588526, ""W"": 0.9436705211768045}",550,1.896719,1.027596,0.064664,-0.024967,1.74329
5,3,Bi-Ni-Zr-O,"{""Bi"": 0.799487266475573, ""Ni"": 0.16984006981189786, ""Zr"": 0.030672663712529222}",550,2.045901,1.718231,0.016657,0.026602,1.74329
5,4,Mn-Nb-Sb-O,"{""Mn"": 0.4571303249755999, ""Nb"": 0.5372933543813965, ""Sb"": 0.005576320643003576}",550,2.34512,1.079744,0.012601,0.100406,1.74329
5,5,Co-Nb-Sn-O,"{'Co': 0.477187604600918, 'Nb': 0.3282476046265705, 'Sn': 0.1945647907725116}",550,2.279307,0.839877,0.043291,0.04253,1.74329
5,6,Nb-Ni-Ta-O,"{""Nb"": 0.5392618774230442, ""Ni"": 0.3636946619241437, ""Ta"": 0.09704346065281207}",550,1.802766,2.687193,0.008072,0.022534,1.74329
5,7,Ag-Nb-Ni-O,"{""Ag"": 0.3394320950591408, ""Nb"": 0.5338607924508958, ""Ni"": 0.12670711248996333}",0,2.371048,0.955376,0.030972,0.609831,1.74329
5,8,Fe-In-Ni-O,"{""Fe"": 0.25174255451010236, ""In"": 0.5751397247339671, ""Ni"": 0.17311772075593046}",600,1.428366,0.975379,0.047709,0.361937,1.74329
5,9,Co-Nb-Zr-O,"{""Co"": 0.10301977022789781, ""Nb"": 0.5230315239269847, ""Zr"": 0.3739487058451175}",550,1.462259,1.107378,0.033094,0.003703,1.74329
5,10,Ag-Ni-Sb-O,"{'Sb': 0.01763, 'Ni': 0.17502, 'Ag': 0.80735}",0,1.297088,0.934167,0.504548,1.277797,1.74329
5,11,Co-Nb-Zr-O,"{""Co"": 0.41243857811462126, ""Nb"": 0.4920114181691707, ""Zr"": 0.09555000371620806}",550,1.353831,1.323499,0.028354,0.039128,1.74329
5,12,Ag-Nb-Ni-O,"{""Ag"": 0.273455113443174, ""Nb"": 0.49978854071497336, ""Ni"": 0.2267563458418527}",550,1.318667,0.905862,0.397467,0.069315,1.74329
5,13,Ag-Ni-Sb-O,"{'Sb': 0.00371, 'Ag': 0.82426, 'Ni': 0.17203}",550,1.10106,5.478394,0.697421,1.011823,1.74329
5,14,Co-Ni-Ta-O,"{""Co"": 0.28278907660766045, ""Ni"": 0.18636657971063122, ""Ta"": 0.5308443436817083}",550,1.603126,1.199792,0.067134,0.011212,1.74329
5,15,Ag-Ge-Hf-O,"{""Ag"": 0.6218692917723816, ""Ge"": 0.05599896189079298, ""Hf"": 0.3221317463368255}",550,1.546255,0.945889,0.741668,0.168912,1.74329
5,16,Ag-Ni-Sb-O,"{'Sb': 0.17192, 'Ag': 0.69199, 'Ni': 0.13609}",550,1.429722,0.824497,0.629977,0.723443,1.74329
5,17,Ag-Nb-Ni-O,"{""Ag"": 0.4621743289756456, ""Nb"": 0.35209503315839924, ""Ni"": 0.18573063786595523}",550,1.437515,0.870136,0.459472,0.079023,1.74329
5,18,Fe-Sb-W-O,"{""Fe"": 0.9958087045859073, ""Sb"": 0.004191295414092707, ""W"": 0.0}",550,1.221201,0.778501,0.279126,0.035361,1.74329
5,19,Ag-Ge-Hf-O,"{""Ag"": 0.7546291106754801, ""Ge"": 0.13617922887854522, ""Hf"": 0.10919166044597475}",550,1.303041,1.023496,0.73577,0.373846,1.74329
5,20,Ag-Pb-W-O,"{'Ag': 0.78432, 'Pb': 0.11024, 'W': 0.10545}",0,1.376272,0.755063,0.785348,5.028603,1.74329
5,21,Co-Nb-Sn-O,"{'Co': 0.2988844603210729, 'Nb': 0.5262393703499926, 'Sn': 0.17487616932893457}",550,1.673332,0.931565,0.033123,0.017941,1.74329
5,22,Ag-Nb-Ni-O,"{""Ag"": 0.8118962085566067, ""Nb"": 0.0, ""Ni"": 0.18810379144339326}",550,1.546832,1.140515,0.964512,0.977292,1.74329
5,23,Co-Nb-Sn-O,"{'Co': 0.3060887525075652, 'Nb': 0.5263746929651044, 'Sn': 0.16753655452733046}",550,1.224191,0.859638,0.022282,-0.026468,1.74329
5,24,Ag-Ge-Hf-O,"{""Ag"": 0.9135792875203606, ""Ge"": 0.028466639622211826, ""Hf"": 0.057954072857427645}",550,3.417735,1.322053,0.817622,0.814358,1.74329
5,25,Ag-Ge-Hf-O,"{""Ag"": 0.89728148964178, ""Ge"": 0.036587121797811685, ""Hf"": 0.06613138856040833}",550,2.304888,1.00083,0.805649,0.669601,1.74329
5,26,Ag-Nb-Ni-O,"{""Ag"": 0.8623499636577189, ""Nb"": 0.04172184056655632, ""Ni"": 0.09592819577572473}",550,2.177291,1.266063,0.809348,0.971529,1.74329
5,27,Cr-Sb-V-O,"{""Cr"": 0.184539564988142, ""Sb"": 0.03673380920888922, ""V"": 0.7787266258029687}",550,1.158116,0.973956,0.134044,0.285153,1.74329
5,28,Ag-Ni-Sb-O,"{'Sb': 0.0485, 'Ni': 0.02209, 'Ag': 0.92941}",0,2.275219,0.902151,0.956404,1.453498,1.74329
5,29,Ag-Ni-Sb-O,"{'Sb': 0.00747, 'Ni': 0.70937, 'Ag': 0.28317}",0,0.911934,0.934184,0.324648,0.972372,1.74329
5,30,Mn-Ni-Pd-O,"{""Mn"": 0.04260347552650108, ""Ni"": 0.17298846507715393, ""Pd"": 0.7844080593963451}",550,1.110309,0.606701,0.098557,0.057486,2.455901
5,31,Ag-Ni-Sb-O,"{'Sb': 0.00196, 'Ni': 0.01627, 'Ag': 0.98177}",0,1.521141,0.846983,1.086546,4.066752,2.455901
5,32,Ag-Ni-Sb-O,"{'Sb': 0.14028, 'Ag': 0.82375, 'Ni': 0.03597}",550,1.870793,0.821058,1.057207,0.524219,2.455901
5,33,Ag-Nb-Ni-O,"{""Ag"": 0.8353126126269546, ""Nb"": 0.0, ""Ni"": 0.16468738737304547}",550,2.922733,1.082448,0.945906,1.055035,2.455901
5,34,Ag-Ni-Sb-O,"{'Sb': 0.01225, 'Ag': 0.84793, 'Ni': 0.13982}",550,1.753459,0.789311,0.981756,1.329646,2.455901
5,35,Ni-Sb-W-O,"{""Ni"": 0.21102107389977598, ""Sb"": 0.014860006377064854, ""W"": 0.7741189197231593}",550,1.388826,0.89509,0.228281,1.709591,2.455901
5,36,Ni-Sb-W-O,"{""Ni"": 0.02229864173969836, ""Sb"": 0.004264699747322376, ""W"": 0.9734366585129793}",0,1.237616,6.107923,0.673134,1.77927,2.455901
5,37,Fe-Sb-W-O,"{""Fe"": 0.04670296948646836, ""Sb"": 0.0011347993137872654, ""W"": 0.9521622311997443}",550,1.873851,1.042849,0.26819,0.027377,2.455901
5,38,Ag-Ni-Sb-O,"{'Sb': 0.00968, 'Ag': 0.83211, 'Ni': 0.1582}",550,1.963887,0.870311,1.170133,1.278131,2.455901
5,39,Ni-Sb-W-O,"{""Ni"": 0.05456435312413224, ""Sb"": 0.004362137009009926, ""W"": 0.9410735098668578}",550,1.706484,10.701909,0.820543,-0.090782,2.455901
5,40,Fe-Sb-W-O,"{'Sb': 0.01031, 'W': 0.89228, 'Fe': 0.09741}",0,3.459222,0.933529,1.363385,1.836288,2.455901
5,41,Fe-Sb-W-O,"{""Fe"": 0.06414771736933099, ""Sb"": 0.004726713927963198, ""W"": 0.9311255687027058}",550,3.855343,10.664318,0.358343,-0.028342,2.455901
5,42,Co-Mn-W-O,"{'Co': 0.11446811388198876, 'W': 0.8480838079813425, 'Mn': 0.03744807813666874}",550,1.587378,1.186137,0.123684,0.12706,2.455901
5,43,Fe-Sb-W-O,"{""Fe"": 0.039431433685793, ""Sb"": 0.0, ""W"": 0.9605685663142071}",550,1.921877,0.975495,0.133348,0.049258,2.455901
5,44,Fe-Sb-W-O,"{""Fe"": 0.2018083758617847, ""Sb"": 0.007276880436754711, ""W"": 0.7909147437014605}",550,2.166365,10.663462,0.623803,0.00714,2.455901
5,45,Fe-In-Ni-O,"{""Fe"": 0.06745823369144861, ""In"": 0.07867708047489433, ""Ni"": 0.853864685833657}",500,2.078564,0.797549,0.655133,0.689238,2.455901
5,46,Fe-Sb-W-O,"{""Fe"": 0.9870702506373257, ""Sb"": 0.012929749362674322, ""W"": 0.0}",550,2.609443,0.921565,0.727544,0.039151,2.455901
5,47,Fe-Sb-W-O,"{""Fe"": 0.41444122241918646, ""Sb"": 0.011393693975166907, ""W"": 0.5741650836056466}",550,3.926638,1.228793,0.643257,0.008066,2.455901
5,48,Ni-Sb-W-O,"{""Ni"": 0.04448489883087148, ""Sb"": 0.001929402341715319, ""W"": 0.9535856988274132}",0,2.093701,7.795971,0.902298,2.971309,2.455901
5,49,Ni-Sb-W-O,"{""Ni"": 0.18677572652769497, ""Sb"": 0.3300330720595656, ""W"": 0.4831912014127395}",550,2.025049,1.192292,0.991026,0.010524,2.455901
5,50,Fe-Sb-W-O,"{""Fe"": 0.17383705415169207, ""Sb"": 0.003321423399384865, ""W"": 0.8228415224489231}",550,4.683942,0.946772,0.007324,0.091363,2.455901
6,1,Co-In-Si-O,"{""Co"": 0.4169115551184158, ""In"": 0.5830884448815842}",0,3.336545,1.107384,0.006408,0.113286,1.74329
6,2,Fe-Sb-W-O,"{""Fe"": 0.053281706630836645, ""Sb"": 0.0030477721923588526, ""W"": 0.9436705211768045}",550,1.877226,1.027596,0.051701,-0.024967,1.74329
6,3,Bi-Ni-Zr-O,"{""Bi"": 0.799487266475573, ""Ni"": 0.16984006981189786, ""Zr"": 0.030672663712529222}",550,1.908438,1.718231,8.1e-05,0.026602,1.74329
6,4,Mn-Nb-Sb-O,"{""Mn"": 0.4571303249755999, ""Nb"": 0.5372933543813965, ""Sb"": 0.005576320643003576}",550,1.924608,1.079744,0.009034,0.100406,1.74329
6,5,Ni-Pd-Ta-O,"{""Ni"": 0.17250256341319753, ""Pd"": 0.7453462175669912, ""Ta"": 0.08215121901981129}",550,1.752541,0.553072,0.018945,0.029141,2.792671
6,6,Co-Nb-Zr-O,"{""Co"": 0.41243857811462126, ""Nb"": 0.4920114181691707, ""Zr"": 0.09555000371620806}",550,2.093637,1.323499,0.044826,0.039128,2.792671
6,7,Mn-Nb-Sb-O,"{""Mn"": 0.25022871700520277, ""Nb"": 0.5213953354655663, ""Sb"": 0.22837594752923102}",0,1.68744,5.614962,0.079994,-0.034321,2.792671
6,8,Ni-Sb-W-O,"{""Ni"": 0.18677572652769497, ""Sb"": 0.3300330720595656, ""W"": 0.4831912014127395}",550,2.016073,1.192292,0.016602,0.010524,2.792671
6,9,Ag-Nb-Ni-O,"{""Ag"": 0.3394320950591408, ""Nb"": 0.5338607924508958, ""Ni"": 0.12670711248996333}",0,2.724891,0.955376,0.023543,0.609831,2.792671
6,10,Co-Ni-Ta-O,"{""Co"": 0.2990799236512203, ""Ni"": 0.16312754051476866, ""Ta"": 0.537792535834011}",550,1.184789,1.096223,0.033607,0.010095,2.792671
6,11,Mn-Ni-Pd-O,"{""Mn"": 0.04260347552650108, ""Ni"": 0.17298846507715393, ""Pd"": 0.7844080593963451}",550,0.974146,0.606701,0.024651,0.057486,2.792671
6,12,Ag-Nb-Ni-O,"{""Ag"": 0.273455113443174, ""Nb"": 0.49978854071497336, ""Ni"": 0.2267563458418527}",550,1.825267,0.905862,0.373118,0.069315,2.792671
6,13,Cr-Sb-V-O,"{""Cr"": 0.7139128919814501, ""Sb"": 0.15243112696349137, ""V"": 0.1336559810550585}",0,1.536965,0.977019,0.060822,0.115113,2.792671
6,14,Cr-Sb-V-O,"{""Cr"": 0.20118877000302662, ""Sb"": 0.6968439804372832, ""V"": 0.10196724955969018}",550,1.386406,1.019573,0.036064,0.02812,2.792671
6,15,In-Mn-Pd-O,"{""In"": 0.3030841825770378, ""Mn"": 0.23648063450480195, ""Pd"": 0.46043518291816027}",0,0.896526,0.673578,0.080518,0.169004,2.792671
6,16,Mn-Pd-Zn-O,"{""Mn"": 0.19464692904140998, ""Pd"": 0.6827823274826441, ""Zn"": 0.12257074347594592}",550,0.76363,0.563531,0.05014,0.115853,2.792671
6,17,In-Mn-Pd-O,"{""In"": 0.12669507241346578, ""Mn"": 0.2731046362684877, ""Pd"": 0.6002002913180464}",550,0.732878,0.573808,0.095217,0.052957,2.792671
6,18,Co-Nb-Sn-O,"{'Co': 0.2988844603210729, 'Nb': 0.5262393703499926, 'Sn': 0.17487616932893457}",550,1.896348,0.931565,0.025919,0.017941,2.792671
6,19,Nb-Ni-Ta-O,"{""Nb"": 0.5530122160327089, ""Ni"": 0.14038634580272824, ""Ta"": 0.30660143816456287}",550,1.248222,2.382656,0.031233,-0.015189,2.792671
6,20,Cr-Sb-V-O,"{""Cr"": 0.6844141236560437, ""Sb"": 0.22855022066615346, ""V"": 0.08703565567780285}",550,1.138782,0.967025,0.044756,0.275477,2.792671
6,21,In-Mn-Pd-O,"{""In"": 0.07775666649006174, ""Mn"": 0.3066161909085832, ""Pd"": 0.615627142601355}",0,0.646027,0.610855,0.116358,0.190901,2.792671
6,22,Nb-Ni-Ta-O,"{""Nb"": 0.5392618774230442, ""Ni"": 0.3636946619241437, ""Ta"": 0.09704346065281207}",550,1.471468,2.687193,0.011435,0.022534,2.792671
6,23,Co-Nb-Sn-O,"{'Co': 0.3060887525075652, 'Nb': 0.5263746929651044, 'Sn': 0.16753655452733046}",550,1.373687,0.859638,0.019152,-0.026468,2.792671
6,24,Mn-Nb-Zn-O,"{'Mn': 0.15764805833201176, 'Nb': 0.7334537888496024, 'Zn': 0.10889815281838576}",550,1.946971,0.99196,0.0217,0.011411,2.792671
6,25,In-Mn-Pd-O,"{""In"": 0.11262280234658081, ""Mn"": 0.4597804111391463, ""Pd"": 0.42759678651427285}",550,0.659925,0.558834,0.107096,0.096854,2.792671
6,26,Mn-Nb-Zn-O,"{'Mn': 0.3317121997256974, 'Nb': 0.5737863308979348, 'Zn': 0.09450146937636782}",550,1.644613,0.78934,0.038166,0.031785,2.792671
6,27,Mn-Nb-Sb-O,"{""Mn"": 0.14696990518371408, ""Nb"": 0.728763135189893, ""Sb"": 0.12426695962639288}",550,3.273613,1.82673,0.008131,0.003946,2.792671
6,28,Co-Nb-Zr-O,"{""Co"": 0.33412948471187787, ""Nb"": 0.5053194343848834, ""Zr"": 0.16055108090323886}",550,1.218756,1.268756,0.021567,0.00311,2.792671
6,29,Mn-Nb-Sb-O,"{""Mn"": 0.38359884952345064, ""Nb"": 0.6020287043981303, ""Sb"": 0.014372446078419145}",0,1.386572,1.109141,0.056791,0.062784,2.792671
6,30,Mn-Nb-Sb-O,"{""Mn"": 0.17454512235756198, ""Nb"": 0.6620281062947514, ""Sb"": 0.16342677134768652}",0,2.191748,1.871185,0.015364,0.016952,2.792671
6,31,Mn-Nb-Sb-O,"{""Mn"": 0.3214704374391548, ""Nb"": 0.39959991365129083, ""Sb"": 0.27892964890955435}",0,1.373013,1.125144,0.037123,0.054285,2.792671
6,32,Co-Nb-Zr-O,"{""Co"": 0.10301977022789781, ""Nb"": 0.5230315239269847, ""Zr"": 0.3739487058451175}",550,1.278152,1.107378,0.012246,0.003703,2.792671
6,33,Co-Ni-Pd-O,"{""Co"": 0.21356621605978665, ""Ni"": 0.016690413491795602, ""Pd"": 0.7697433704484178}",550,0.717611,0.815656,0.056075,0.03068,2.792671
6,34,Mn-Nb-Sb-O,"{""Mn"": 0.49668470970132045, ""Nb"": 0.31139274042216775, ""Sb"": 0.19192254987651183}",0,1.164496,1.100516,0.083112,0.01638,2.792671
6,35,Ag-Nb-Ni-O,"{""Ag"": 0.4785188711677248, ""Nb"": 0.48652955381979124, ""Ni"": 0.03495157501248397}",550,1.252744,0.896954,0.400578,0.147469,2.792671
6,36,Ag-Ni-Sb-O,"{'Sb': 0.28804, 'Ag': 0.65912, 'Ni': 0.05284}",550,1.130254,0.810124,0.241784,0.477849,2.792671
6,37,Ag-Ni-Sb-O,"{'Ni': 0.18849, 'Sb': 0.23297, 'Ag': 0.57854}",550,0.978726,0.866715,0.425003,0.592098,2.792671
6,38,Mn-Nb-Zn-O,"{'Mn': 0.2977407977691986, 'Nb': 0.6251715775869627, 'Zn': 0.07708762464383873}",550,1.305018,0.766727,0.036661,0.021394,2.792671
6,39,Mn-Nb-Zn-O,"{'Mn': 0.2428682938375978, 'Nb': 0.6655608198263939, 'Zn': 0.09157088633600843}",550,1.297789,0.822714,0.018657,0.014551,2.792671
6,40,Mn-Nb-Zn-O,"{'Mn': 0.2773973511533338, 'Nb': 0.6532154106717284, 'Zn': 0.06938723817493776}",700,1.153788,0.974248,0.006215,0.031464,2.792671
6,41,Mn-Nb-Sb-O,"{""Mn"": 0.31266373724497803, ""Nb"": 0.3993164417892945, ""Sb"": 0.2880198209657275}",0,1.220855,1.564158,0.041202,0.007434,2.792671
6,42,Ag-Ni-Sb-O,"{'Ni': 0.16774, 'Sb': 0.21112, 'Ag': 0.62114}",550,0.95285,0.872976,0.516319,0.678401,2.792671
6,43,Mn-Pd-Zn-O,"{""Mn"": 0.03153336895039366, ""Pd"": 0.2837045723745261, ""Zn"": 0.6847620586750802}",550,0.658864,0.76509,0.070289,0.842078,2.792671
6,44,Co-Ni-Zr-O,"{""Co"": 0.12053924106414868, ""Ni"": 0.7892418746192802, ""Zr"": 0.09021888431657105}",0,1.000634,0.943945,0.241449,0.765687,2.792671
6,45,Co-Nb-Sn-O,"{'Co': 0.27454386718136153, 'Nb': 0.5495562083960752, 'Sn': 0.17589992442256341}",700,1.157945,0.98162,0.01403,-0.059267,2.792753
6,46,Ni-Pd-Ta-O,"{""Ni"": 0.20213658079295813, ""Pd"": 0.6826394072721103, ""Ta"": 0.11522401193493156}",550,0.671799,0.567981,0.042014,-0.008021,2.799535
6,47,Mn-Nb-Zn-O,"{'Mn': 0.055483628141775335, 'Nb': 0.8384547527660952, 'Zn': 0.10606161909212947}",550,1.235444,1.658126,0.005638,0.006149,2.799535
6,48,Ni-Pd-Ta-O,"{""Ni"": 0.10073667080010576, ""Pd"": 0.45605188139484126, ""Ta"": 0.443211447805053}",550,0.605193,1.39701,0.013509,-0.00629,2.799535
6,49,Mn-Nb-Sb-O,"{""Mn"": 0.33532453980771654, ""Nb"": 0.6598032137317769, ""Sb"": 0.004872246460506645}",0,1.201433,1.062075,0.044545,0.029621,2.799535
6,50,In-Mn-Pd-O,"{""In"": 0.0502959325660693, ""Mn"": 0.5788076606219809, ""Pd"": 0.3708964068119499}",550,0.689382,0.522018,0.090236,0.123232,2.989263
7,1,Co-In-Si-O,"{""Co"": 0.4169115551184158, ""In"": 0.5830884448815842}",0,4.201978,1.107384,0.009536,0.113286,1.74329
7,2,Fe-Sb-W-O,"{""Fe"": 0.053281706630836645, ""Sb"": 0.0030477721923588526, ""W"": 0.9436705211768045}",550,2.113207,1.027596,0.056471,-0.024967,1.74329
7,3,Bi-Ni-Zr-O,"{""Bi"": 0.799487266475573, ""Ni"": 0.16984006981189786, ""Zr"": 0.030672663712529222}",550,2.564032,1.718231,0.014214,0.026602,1.74329
7,4,Ag-Ni-Sb-O,"{'Sb': 0.00371, 'Ag': 0.82426, 'Ni': 0.17203}",550,2.102562,5.478394,0.019151,1.011823,1.74329
7,5,Mn-Ni-Pd-O,"{""Mn"": 0.04260347552650108, ""Ni"": 0.17298846507715393, ""Pd"": 0.7844080593963451}",550,3.003117,0.606701,0.06746,0.057486,2.455901
7,6,Co-Ni-Ta-O,"{""Co"": 0.28278907660766045, ""Ni"": 0.18636657971063122, ""Ta"": 0.5308443436817083}",550,2.413508,1.199792,0.075537,0.011212,2.455901
7,7,Nb-Ni-Ta-O,"{""Nb"": 0.5392618774230442, ""Ni"": 0.3636946619241437, ""Ta"": 0.09704346065281207}",550,1.896468,2.687193,0.00092,0.022534,2.455901
7,8,Ni-Sb-W-O,"{""Ni"": 0.18677572652769497, ""Sb"": 0.3300330720595656, ""W"": 0.4831912014127395}",550,3.112739,1.192292,0.325303,0.010524,2.455901
7,9,Co-Nb-Sn-O,"{'Co': 0.477187604600918, 'Nb': 0.3282476046265705, 'Sn': 0.1945647907725116}",550,1.994067,0.839877,0.029247,0.04253,2.455901
7,10,Co-Ni-Pd-O,"{""Co"": 0.333282453406405, ""Ni"": 0.1772458899500927, ""Pd"": 0.4894716566435023}",0,1.357305,0.668617,0.065304,0.144135,2.455901
7,11,Cr-Sb-V-O,"{""Cr"": 0.8527202460341154, ""Sb"": 0.055532323518980256, ""V"": 0.09174743044690427}",550,2.062278,1.048493,0.138473,0.438407,2.455901
7,12,Cr-Sb-V-O,"{""Cr"": 0.29149315739128784, ""Sb"": 0.2106104742190149, ""V"": 0.49789636838969725}",550,1.529221,0.940601,0.199767,0.188664,2.455901
7,13,Co-Nb-Sn-O,"{'Co': 0.2988844603210729, 'Nb': 0.5262393703499926, 'Sn': 0.17487616932893457}",550,1.790555,0.931565,0.039482,0.017941,2.455901
7,14,Ag-Nb-Ni-O,"{""Ag"": 0.8118962085566067, ""Nb"": 0.0, ""Ni"": 0.18810379144339326}",550,3.112153,1.140515,0.636348,0.977292,2.455901
7,15,Ni-Pd-Ta-O,"{""Ni"": 0.17250256341319753, ""Pd"": 0.7453462175669912, ""Ta"": 0.08215121901981129}",550,0.981052,0.553072,0.052393,0.029141,2.792671
7,16,Ag-Nb-Ni-O,"{""Ag"": 0.3394320950591408, ""Nb"": 0.5338607924508958, ""Ni"": 0.12670711248996333}",0,2.270929,0.955376,0.042984,0.609831,2.792671
7,17,Fe-In-Ni-O,"{""Fe"": 0.25174255451010236, ""In"": 0.5751397247339671, ""Ni"": 0.17311772075593046}",600,1.291112,0.975379,0.042884,0.361937,2.792671
7,18,Ag-Ni-Sb-O,"{'Sb': 0.02734, 'Ni': 0.47502, 'Ag': 0.49764}",0,1.69277,0.938653,0.834187,0.803575,2.792671
7,19,Ag-Ge-Hf-O,"{""Ag"": 0.7546291106754801, ""Ge"": 0.13617922887854522, ""Hf"": 0.10919166044597475}",550,2.435705,1.023496,0.919454,0.373846,2.792671
7,20,Ag-Ge-Hf-O,"{""Ag"": 0.7069139004905907, ""Ge"": 0.13593566510743485, ""Hf"": 0.1571504344019745}",550,1.565294,0.846245,0.541299,0.326377,2.792671
7,21,Mn-Nb-Sb-O,"{""Mn"": 0.4571303249755999, ""Nb"": 0.5372933543813965, ""Sb"": 0.005576320643003576}",550,2.048418,1.079744,0.048492,0.100406,2.792671
7,22,Co-Nb-Zr-O,"{""Co"": 0.41243857811462126, ""Nb"": 0.4920114181691707, ""Zr"": 0.09555000371620806}",550,1.869165,1.323499,0.041899,0.039128,2.792671
7,23,Ag-Ge-Hf-O,"{""Ag"": 0.7720229898496914, ""Ge"": 0.10202200969030846, ""Hf"": 0.12595500046000022}",550,1.491719,0.812354,0.458722,0.410987,2.792671
7,24,Ag-Ni-Sb-O,"{'Sb': 0.01763, 'Ni': 0.17502, 'Ag': 0.80735}",0,2.396558,0.934167,0.931389,1.277797,2.792671
7,25,Ag-Nb-Ni-O,"{""Ag"": 0.273455113443174, ""Nb"": 0.49978854071497336, ""Ni"": 0.2267563458418527}",550,1.495656,0.905862,0.518108,0.069315,2.792671
7,26,Co-Nb-Sn-O,"{'Co': 0.3060887525075652, 'Nb': 0.5263746929651044, 'Sn': 0.16753655452733046}",550,1.244599,0.859638,0.025174,-0.026468,2.792671
7,27,Ag-Nb-Ni-O,"{""Ag"": 0.8061988799330964, ""Nb"": 0.010393134743028807, ""Ni"": 0.18340798532387492}",550,1.580851,0.877795,0.994553,1.019941,2.792671
7,28,Ag-Ni-Sb-O,"{'Sb': 0.0485, 'Ni': 0.02209, 'Ag': 0.92941}",0,3.922388,0.902151,0.953362,1.453498,2.792671
7,29,Ag-Ni-Sb-O,"{'Sb': 0.00196, 'Ni': 0.01629, 'Ag': 0.98175}",0,2.659497,0.868744,1.148855,3.942771,2.792671
7,30,Ag-Ni-Sb-O,"{'Sb': 0.00193, 'Ag': 0.96802, 'Ni': 0.03005}",550,2.36898,1.502375,2.719652,2.882332,2.792671
7,31,Ag-Nb-Ni-O,"{""Ag"": 0.8623499636577189, ""Nb"": 0.04172184056655632, ""Ni"": 0.09592819577572473}",550,2.528079,1.266063,1.029605,0.971529,2.792671
7,32,Ni-Sb-W-O,"{""Ni"": 0.4655858807373185, ""Sb"": 0.0071687289580577756, ""W"": 0.5272453903046238}",550,1.246439,0.842348,0.118102,1.257409,2.792671
7,33,Ag-Pb-W-O,"{'Ag': 0.82658, 'Pb': 0.07894, 'W': 0.09448}",0,2.50212,0.735488,1.096294,5.27383,2.792671
7,34,Mn-Nb-Sb-O,"{""Mn"": 0.900271987198932, ""Nb"": 0.09523116772789927, ""Sb"": 0.0044968450731686935}",0,1.462071,0.790855,0.21538,0.032809,2.792671
7,35,Ni-Sb-W-O,"{""Ni"": 0.023842448469445755, ""Sb"": 0.0036192349327305545, ""W"": 0.9725383165978236}",0,1.325477,6.035607,0.333456,3.32458,2.792671
7,36,Fe-Sb-W-O,"{'Sb': 0.007003621633878622, 'W': 0.7379822229574, 'Fe': 0.25501415540872135}",0,1.651337,0.962026,0.888357,0.104899,2.792671
7,37,Fe-Sb-W-O,"{""Fe"": 0.04670296948646836, ""Sb"": 0.0011347993137872654, ""W"": 0.9521622311997443}",550,2.405944,1.042849,0.969029,0.027377,2.792671
7,38,Fe-Sb-W-O,"{'Sb': 0.016817723136900834, 'W': 0.916062585505748, 'Fe': 0.06711969135735119}",0,1.590201,0.939649,0.699732,0.029534,2.792671
7,39,Fe-Sb-W-O,"{""Fe"": 0.05215017144896535, ""Sb"": 0.0017975264837702897, ""W"": 0.9460523020672643}",550,1.581596,0.961172,0.426609,0.102277,2.792671
7,40,Ni-Sb-W-O,"{""Ni"": 0.13258685312680504, ""Sb"": 0.017583582807087404, ""W"": 0.8498295640661075}",0,1.199207,0.948427,0.294061,2.221834,2.792671
7,41,Fe-Sb-W-O,"{""Fe"": 0.039431433685793, ""Sb"": 0.0, ""W"": 0.9605685663142071}",550,2.02988,0.975495,0.465896,0.049258,2.792671
7,42,Ni-Sb-W-O,"{""Ni"": 0.030896680811958503, ""Sb"": 0.006145901916127215, ""W"": 0.9629574172719142}",0,2.138708,6.073411,1.126084,3.352451,2.792671
7,43,Ag-Ni-Sb-O,"{'Sb': 0.10371, 'Ni': 0.03831, 'Ag': 0.85797}",0,1.576804,0.867119,1.665687,1.137483,2.792671
7,44,Ag-Nb-Ni-O,"{""Ag"": 0.3852342951542162, ""Nb"": 0.46379678931184437, ""Ni"": 0.15096891553393943}",550,1.318787,0.852442,0.386253,0.085078,2.792671
7,45,Ag-Ni-Sb-O,"{'Sb': 0.00727, 'Ag': 0.87451, 'Ni': 0.11821}",550,1.742652,5.483217,1.343354,1.332431,2.792671
7,46,Ag-Ni-Sb-O,"{'Sb': 0.00321, 'Ni': 0.08877, 'Ag': 0.90803}",0,2.352167,0.943786,1.563852,1.704336,2.792671
7,47,Ag-Nb-Ni-O,"{""Ag"": 0.8353126126269546, ""Nb"": 0.0, ""Ni"": 0.16468738737304547}",550,3.02261,1.082448,1.196753,1.055035,2.792671
7,48,Fe-Sb-W-O,"{""Fe"": 0.9902852139523443, ""Sb"": 0.009714786047655731, ""W"": 0.0}",550,1.226825,0.804062,0.386418,0.023086,2.792671
7,49,Ag-Ni-Sb-O,"{'Sb': 0.14028, 'Ag': 0.82375, 'Ni': 0.03597}",550,1.953818,0.821058,1.114534,0.524219,2.792671
7,50,Ag-Ni-Sb-O,"{'Sb': 0.07296, 'Ni': 0.03392, 'Ag': 0.89312}",0,1.661638,0.899945,1.624166,1.34525,2.792671
8,1,Co-In-Si-O,"{""Co"": 0.4169115551184158, ""In"": 0.5830884448815842}",0,2.817805,1.107384,0.011477,0.113286,1.74329
8,2,Fe-Sb-W-O,"{""Fe"": 0.053281706630836645, ""Sb"": 0.0030477721923588526, ""W"": 0.9436705211768045}",550,2.01208,1.027596,0.049875,-0.024967,1.74329
8,3,Bi-Ni-Zr-O,"{""Bi"": 0.799487266475573, ""Ni"": 0.16984006981189786, ""Zr"": 0.030672663712529222}",550,2.427081,1.718231,0.014786,0.026602,1.74329
8,4,Ag-Ni-Sb-O,"{'Sb': 0.00371, 'Ag': 0.82426, 'Ni': 0.17203}",550,2.207497,5.478394,0.019608,1.011823,1.74329
8,5,Mn-Ni-Pd-O,"{""Mn"": 0.04260347552650108, ""Ni"": 0.17298846507715393, ""Pd"": 0.7844080593963451}",550,2.573561,0.606701,0.05152,0.057486,2.455901
8,6,Co-Ni-Ta-O,"{""Co"": 0.28278907660766045, ""Ni"": 0.18636657971063122, ""Ta"": 0.5308443436817083}",550,2.264964,1.199792,0.045214,0.011212,2.455901
8,7,Nb-Ni-Ta-O,"{""Nb"": 0.5392618774230442, ""Ni"": 0.3636946619241437, ""Ta"": 0.09704346065281207}",550,1.787502,2.687193,-0.001247,0.022534,2.455901
8,8,Ni-Sb-W-O,"{""Ni"": 0.18677572652769497, ""Sb"": 0.3300330720595656, ""W"": 0.4831912014127395}",550,3.117777,1.192292,0.383643,0.010524,2.455901
8,9,Co-Nb-Sn-O,"{'Co': 0.477187604600918, 'Nb': 0.3282476046265705, 'Sn': 0.1945647907725116}",550,2.017617,0.839877,0.016194,0.04253,2.455901
8,10,Ag-Nb-Ni-O,"{""Ag"": 0.4670287413656379, ""Nb"": 0.022546410862005754, ""Ni"": 0.5104248477723563}",550,1.959547,0.711607,0.603988,0.420491,2.455901
8,11,Ag-Ni-Sb-O,"{'Sb': 0.00747, 'Ni': 0.70937, 'Ag': 0.28317}",0,1.279767,0.934184,0.419649,0.972372,2.455901
8,12,Fe-Sb-W-O,"{""Fe"": 0.9906945822095533, ""Sb"": 0.00930541779044675, ""W"": 0.0}",550,2.0085,0.852106,0.127564,0.013794,2.455901
8,13,Fe-Sb-W-O,"{""Fe"": 0.990482101966908, ""Sb"": 0.009517898033091911, ""W"": 0.0}",550,1.421771,10.663368,0.053105,-0.003998,2.455901
8,14,Cr-Sb-V-O,"{""Cr"": 0.288095582648322, ""Sb"": 0.5830731160253857, ""V"": 0.1288313013262922}",550,5.202774,1.032866,0.018437,0.018086,2.455901
8,15,Fe-In-Ni-O,"{""Fe"": 0.6194481401477384, ""In"": 0.17252046433026383, ""Ni"": 0.2080313955219977}",500,2.991387,0.941756,0.010962,0.277487,2.455901
8,16,Mn-Nb-Sb-O,"{""Mn"": 0.7651615762589331, ""Nb"": 0.0021452307322090618, ""Sb"": 0.23269319300885785}",550,3.281538,0.779679,0.02696,-0.005355,2.455901
8,17,Ni-Sb-W-O,"{""Ni"": 0.019245988071356582, ""Sb"": 0.046337668349641085, ""W"": 0.9344163435790024}",0,2.004299,6.32158,0.061475,1.69239,2.455901
8,18,Fe-Sb-W-O,"{""Fe"": 0.9946650223602168, ""Sb"": 0.005334977639783133, ""W"": 0.0}",550,2.889302,0.964136,0.055776,0.011988,2.455901
8,19,Bi-Co-Sb-O,"{'Sb': 0.36617, 'Bi': 0.26668, 'Co': 0.36714}",550,2.803677,0.928998,0.084353,0.318233,2.455901
8,20,Cr-Sb-V-O,"{""Cr"": 0.8091870702024487, ""Sb"": 0.03719301513066583, ""V"": 0.15361991466688554}",550,3.606581,1.058927,0.024938,0.364062,2.455901
8,21,Bi-Co-Sb-O,"{'Sb': 0.02054, 'Bi': 0.9323, 'Co': 0.04716}",550,2.825115,0.905429,0.074103,0.560047,2.455901
8,22,Co-Fe-Zr-O,"{""Co"": 0.26340363881616297, ""Fe"": 0.5736557506523206, ""Zr"": 0.1629406105315164}",550,2.747014,0.723161,0.069134,0.331319,2.455901
8,23,Bi-Co-Sb-O,"{'Sb': 0.01396, 'Bi': 0.28797, 'Co': 0.69807}",550,1.672524,0.671417,0.174797,0.073066,2.455901
8,24,Fe-Sb-W-O,"{""Fe"": 0.8215729162128268, ""Sb"": 0.004602128377021712, ""W"": 0.17382495541015155}",550,4.231959,1.029806,0.020101,0.01267,2.455901
8,25,Fe-Sb-W-O,"{""Fe"": 0.9005492582973491, ""Sb"": 0.09945074170265093, ""W"": 0.0}",550,3.49534,0.978993,0.075923,0.00796,2.455901
8,26,Bi-Co-Sb-O,"{'Sb': 0.06696, 'Bi': 0.31415, 'Co': 0.61889}",0,1.74331,0.969012,0.553059,0.372324,2.455901
8,27,Fe-Sb-W-O,"{""Fe"": 0.9259801424794529, ""Sb"": 0.0740198575205471, ""W"": 0.0}",550,3.002611,0.943853,0.031904,0.011159,2.455901
8,28,Fe-Sb-W-O,"{""Fe"": 0.9431016190305831, ""Sb"": 0.05689838096941692, ""W"": 0.0}",550,1.919968,1.162539,0.023477,0.005212,2.455901
8,29,Co-Mn-W-O,"{'Co': 0.2451640640669427, 'W': 0.7005958744307521, 'Mn': 0.0542400615023051}",0,2.2976,1.199338,0.56697,4.186835,2.455901
8,30,Fe-Sb-W-O,"{""Fe"": 0.9631081382629915, ""Sb"": 0.03689186173700846, ""W"": 0.0}",550,3.487963,10.664876,0.014997,0.004011,2.455901
8,31,Fe-Sb-W-O,"{""Fe"": 0.9981514146217608, ""Sb"": 0.0018485853782392084, ""W"": 0.0}",550,1.718533,0.776851,0.016012,0.042862,2.455901
8,32,Fe-Sb-W-O,"{""Fe"": 0.9928608693983012, ""Sb"": 0.007139130601698801, ""W"": 0.0}",550,1.31811,0.90127,0.012679,0.020283,2.455901
8,33,Cr-Sb-V-O,"{""Cr"": 0.184539564988142, ""Sb"": 0.03673380920888922, ""V"": 0.7787266258029687}",550,1.470926,0.973956,0.126904,0.285153,2.455901
8,34,Co-Sb-Zr-O,"{""Co"": 0.10198000195419335, ""Sb"": 0.041474228082953715, ""Zr"": 0.856545769962853}",0,1.714839,0.946098,0.509673,0.002767,2.455901
8,35,Fe-Sb-W-O,"{""Fe"": 0.03116368802321719, ""Sb"": 0.0006723039262084057, ""W"": 0.9681640080505743}",550,2.369014,1.03321,1.123196,0.09848,2.455901
8,36,Fe-Sb-W-O,"{""Fe"": 0.9870133635849067, ""Sb"": 0.012986636415093426, ""W"": 0.0}",550,6.651623,0.981499,0.004839,0.013963,2.455901
8,37,Fe-Sb-W-O,"{""Fe"": 0.985689058297319, ""Sb"": 0.01431094170268106, ""W"": 0.0}",550,2.508898,0.843016,0.011945,0.053288,2.455901
8,38,Fe-Sb-W-O,"{""Fe"": 0.9714242027201236, ""Sb"": 0.028575797279876386, ""W"": 0.0}",550,5.383108,0.969932,0.016125,0.011978,2.455901
8,39,Fe-Sb-W-O,"{""Fe"": 0.9874942024696037, ""Sb"": 0.012505797530396318, ""W"": 0.0}",550,1.232832,0.795496,0.022524,0.049161,2.455901
8,40,Cr-Sb-V-O,"{""Cr"": 0.4436165204405761, ""Sb"": 0.039312531491638714, ""V"": 0.5170709480677852}",550,1.203977,0.983513,0.251018,0.193178,2.455901
8,41,Fe-Sb-W-O,"{""Fe"": 0.9870702506373257, ""Sb"": 0.012929749362674322, ""W"": 0.0}",550,1.124654,0.921565,0.024222,0.039151,2.455901
8,42,Fe-Sb-W-O,"{""Fe"": 0.8748598996563545, ""Sb"": 0.1251401003436455, ""W"": 0.0}",550,1.370999,1.039598,0.011512,0.004397,2.455901
8,43,Fe-Sb-W-O,"{""Fe"": 0.17383705415169207, ""Sb"": 0.003321423399384865, ""W"": 0.8228415224489231}",550,1.829758,0.946772,0.577097,0.091363,2.455901
8,44,Fe-Sb-W-O,"{'Sb': 0.01031, 'W': 0.89228, 'Fe': 0.09741}",0,2.221348,0.933529,1.128405,1.836288,2.455901
8,45,Cr-Sb-V-O,"{""Cr"": 0.9002448197815024, ""Sb"": 0.03745585633075235, ""V"": 0.06229932388774524}",550,1.402539,1.046611,0.083755,0.567471,2.455901
8,46,Ni-Sb-W-O,"{""Ni"": 0.03285591180497803, ""Sb"": 0.0013594352724562114, ""W"": 0.9657846529225658}",0,2.567701,6.245563,1.58411,3.022218,2.455901
8,47,Co-Ni-Zr-O,"{""Co"": 0.7020397361239789, ""Ni"": 0.19043742206091896, ""Zr"": 0.10752284181510222}",550,1.138114,0.613211,0.161243,0.107925,2.455901
8,48,Ni-Sb-W-O,"{""Ni"": 0.04516859612910963, ""Sb"": 0.16664125638633892, ""W"": 0.7881901474845514}",550,1.937493,1.01271,0.356989,-0.007362,2.455901
8,49,Co-Sb-Zr-O,"{""Co"": 0.9006366809188391, ""Sb"": 0.005005920494354115, ""Zr"": 0.0943573985868067}",0,0.944536,0.568189,0.456741,0.619144,2.672093
8,50,Fe-Sb-W-O,"{""Fe"": 0.025318582953347313, ""Sb"": 0.0007584739922267679, ""W"": 0.973922943054426}",550,2.23711,0.952702,0.47457,0.139222,2.672093
9,1,Co-In-Si-O,"{""Co"": 0.4169115551184158, ""In"": 0.5830884448815842}",0,3.705194,1.107384,0.0085,0.113286,1.74329
9,2,Fe-Sb-W-O,"{""Fe"": 0.053281706630836645, ""Sb"": 0.0030477721923588526, ""W"": 0.9436705211768045}",550,1.952736,1.027596,0.061882,-0.024967,1.74329
9,3,Bi-Ni-Zr-O,"{""Bi"": 0.799487266475573, ""Ni"": 0.16984006981189786, ""Zr"": 0.030672663712529222}",550,2.235541,1.718231,0.015078,0.026602,1.74329
9,4,Ag-Ni-Sb-O,"{'Sb': 0.00371, 'Ag': 0.82426, 'Ni': 0.17203}",550,1.970681,5.478394,0.024506,1.011823,1.74329
9,5,Mn-Ni-Pd-O,"{""Mn"": 0.04260347552650108, ""Ni"": 0.17298846507715393, ""Pd"": 0.7844080593963451}",550,2.847878,0.606701,0.057958,0.057486,2.455901
9,6,Co-Ni-Ta-O,"{""Co"": 0.28278907660766045, ""Ni"": 0.18636657971063122, ""Ta"": 0.5308443436817083}",550,2.444262,1.199792,0.059545,0.011212,2.455901
9,7,Ag-Nb-Ni-O,"{""Ag"": 0.3394320950591408, ""Nb"": 0.5338607924508958, ""Ni"": 0.12670711248996333}",0,2.083339,0.955376,0.02307,0.609831,2.455901
9,8,Ag-Ni-Sb-O,"{'Sb': 0.00508, 'Ag': 0.76028, 'Ni': 0.23464}",550,2.059504,0.769641,0.698932,1.159241,2.455901
9,9,Co-Nb-Sn-O,"{'Co': 0.477187604600918, 'Nb': 0.3282476046265705, 'Sn': 0.1945647907725116}",550,2.378788,0.839877,0.021775,0.04253,2.455901
9,10,Co-Ni-Ta-O,"{""Co"": 0.7561351522042932, ""Ni"": 0.18751291271635315, ""Ta"": 0.05635193507935367}",550,1.485818,0.635258,0.045369,0.186207,2.455901
9,11,Ni-Sb-W-O,"{""Ni"": 0.18677572652769497, ""Sb"": 0.3300330720595656, ""W"": 0.4831912014127395}",550,2.213581,1.192292,0.209447,0.010524,2.455901
9,12,Nb-Ni-Ta-O,"{""Nb"": 0.5392618774230442, ""Ni"": 0.3636946619241437, ""Ta"": 0.09704346065281207}",550,2.01515,2.687193,0.010429,0.022534,2.455901
9,13,Ag-Pb-W-O,"{'Ag': 0.78432, 'Pb': 0.11024, 'W': 0.10545}",0,2.059746,0.755063,0.721451,5.028603,2.455901
9,14,Cr-Sb-V-O,"{""Cr"": 0.19550967609260617, ""Sb"": 0.6914493760888956, ""V"": 0.11304094781849838}",550,1.447098,1.012049,0.211795,0.026627,2.455901
9,15,Ag-Ge-Hf-O,"{""Ag"": 0.6218692917723816, ""Ge"": 0.05599896189079298, ""Hf"": 0.3221317463368255}",550,1.26664,0.945889,1.00663,0.168912,2.455901
9,16,Ag-Ge-Hf-O,"{""Ag"": 0.7546291106754801, ""Ge"": 0.13617922887854522, ""Hf"": 0.10919166044597475}",550,1.434147,1.023496,0.99056,0.373846,2.455901
9,17,Ag-Ge-Hf-O,"{""Ag"": 0.8817307985679647, ""Ge"": 0.0688672848379044, ""Hf"": 0.04940191659413093}",550,3.501267,0.852746,1.140308,0.587534,2.455901
9,18,Ag-Nb-Ni-O,"{""Ag"": 0.9710925990098161, ""Nb"": 0.0056021406765069314, ""Ni"": 0.02330526031367694}",550,2.320439,1.500403,0.829405,2.110995,2.455901
9,19,Fe-In-Ni-O,"{""Fe"": 0.25174255451010236, ""In"": 0.5751397247339671, ""Ni"": 0.17311772075593046}",600,1.370665,0.975379,0.041207,0.361937,2.455901
9,20,Cr-Sb-V-O,"{""Cr"": 0.7703518803307682, ""Sb"": 0.14360634323891677, ""V"": 0.08604177643031505}",550,1.449216,0.994283,0.049098,0.338251,2.455901
9,21,Ag-Ge-Hf-O,"{""Ag"": 0.8889489936558213, ""Ge"": 0.0356477142057993, ""Hf"": 0.07540329213837943}",550,1.498848,0.884244,0.880482,0.618204,2.455901
9,22,Ag-Nb-Ni-O,"{""Ag"": 0.8118962085566067, ""Nb"": 0.0, ""Ni"": 0.18810379144339326}",550,2.374616,1.140515,0.931107,0.977292,2.455901
9,23,Ag-Ni-Sb-O,"{'Ni': 0.16774, 'Sb': 0.21112, 'Ag': 0.62114}",550,1.562531,0.872976,0.531426,0.678401,2.455901
9,24,Co-Nb-Zr-O,"{""Co"": 0.41243857811462126, ""Nb"": 0.4920114181691707, ""Zr"": 0.09555000371620806}",550,1.984442,1.323499,0.063274,0.039128,2.455901
9,25,Ag-Ni-Sb-O,"{'Sb': 0.00321, 'Ni': 0.08877, 'Ag': 0.90803}",0,2.618376,0.943786,0.948718,1.704336,2.455901
9,26,Fe-Sb-W-O,"{""Fe"": 0.8215729162128268, ""Sb"": 0.004602128377021712, ""W"": 0.17382495541015155}",550,1.294025,1.029806,0.650556,0.01267,2.455901
9,27,Ag-Nb-Ni-O,"{""Ag"": 0.273455113443174, ""Nb"": 0.49978854071497336, ""Ni"": 0.2267563458418527}",550,1.59995,0.905862,0.465499,0.069315,2.455901
9,28,Ag-Ni-Sb-O,"{'Sb': 0.07296, 'Ni': 0.03392, 'Ag': 0.89312}",0,1.95731,0.899945,1.035552,1.34525,2.455901
9,29,Ag-Nb-Ni-O,"{""Ag"": 0.8414292084822211, ""Nb"": 0.06957197359619385, ""Ni"": 0.08899881792158505}",550,2.200056,1.095892,1.00422,0.873013,2.455901
9,30,Ag-Ni-Sb-O,"{'Sb': 0.14028, 'Ag': 0.82375, 'Ni': 0.03597}",550,1.910538,0.821058,0.995706,0.524219,2.455901
9,31,Mn-Nb-Sb-O,"{""Mn"": 0.4571303249755999, ""Nb"": 0.5372933543813965, ""Sb"": 0.005576320643003576}",550,1.981663,1.079744,0.031622,0.100406,2.455901
9,32,Ag-Nb-Ni-O,"{""Ag"": 0.8353126126269546, ""Nb"": 0.0, ""Ni"": 0.16468738737304547}",550,2.366731,1.082448,0.880026,1.055035,2.455901
9,33,Ag-Ni-Sb-O,"{'Sb': 0.01763, 'Ni': 0.17502, 'Ag': 0.80735}",0,1.425038,0.934167,1.060298,1.277797,2.455901
9,34,Ag-Nb-Ni-O,"{""Ag"": 0.8653188183006097, ""Nb"": 0.0019495305922813148, ""Ni"": 0.13273165110710888}",550,1.484647,0.994561,0.941216,1.258358,2.455901
9,35,Co-Nb-Sn-O,"{'Co': 0.2988844603210729, 'Nb': 0.5262393703499926, 'Sn': 0.17487616932893457}",550,1.951883,0.931565,0.036687,0.017941,2.455901
9,36,Mn-Nb-Sb-O,"{""Mn"": 0.25022871700520277, ""Nb"": 0.5213953354655663, ""Sb"": 0.22837594752923102}",0,1.275264,5.614962,0.117849,-0.034321,2.455901
9,37,In-Mn-Pd-O,"{""In"": 0.2360897577944854, ""Mn"": 0.15734990318291958, ""Pd"": 0.606560339022595}",550,1.011699,0.842545,0.044778,0.085874,2.455901
9,38,In-Mn-Pd-O,"{""In"": 0.07978659119665726, ""Mn"": 0.2369801359400674, ""Pd"": 0.6832332728632754}",550,1.121229,0.508896,0.06264,0.028395,3.066903
9,39,Mn-Pd-Zn-O,"{""Mn"": 0.25137839327036443, ""Pd"": 0.6701247912292412, ""Zn"": 0.07849681550039449}",550,0.886621,0.790764,0.036009,0.119208,3.066903
9,40,Co-Nb-Zr-O,"{""Co"": 0.33412948471187787, ""Nb"": 0.5053194343848834, ""Zr"": 0.16055108090323886}",550,1.328204,1.268756,0.030534,0.00311,3.066903
9,41,Mn-Ni-Pd-O,"{""Mn"": 0.2749409710329437, ""Ni"": 0.5968196140343011, ""Pd"": 0.12823941493275526}",550,1.045068,1.046261,0.199076,0.264348,3.066903
9,42,Ni-Sb-W-O,"{""Ni"": 0.5102754341057335, ""Sb"": 0.005043646570647421, ""W"": 0.484680919323619}",550,1.184915,0.828158,0.201727,1.169106,3.066903
9,43,Ag-Ni-Sb-O,"{'Sb': 0.00968, 'Ag': 0.83211, 'Ni': 0.1582}",550,1.948014,0.870311,1.068632,1.278131,3.066903
9,44,Mn-Nb-Zn-O,"{'Mn': 0.3317121997256974, 'Nb': 0.5737863308979348, 'Zn': 0.09450146937636782}",550,1.71312,0.78934,0.040134,0.031785,3.066903
9,45,Mn-Nb-Zn-O,"{'Mn': 0.2977407977691986, 'Nb': 0.6251715775869627, 'Zn': 0.07708762464383873}",550,1.288915,0.766727,0.02179,0.021394,3.066903
9,46,Mn-Nb-Sb-O,"{""Mn"": 0.17454512235756198, ""Nb"": 0.6620281062947514, ""Sb"": 0.16342677134768652}",0,3.263536,1.871185,0.012672,0.016952,3.066903
9,47,Co-Nb-Zr-O,"{""Co"": 0.10301977022789781, ""Nb"": 0.5230315239269847, ""Zr"": 0.3739487058451175}",550,1.216823,1.107378,0.01406,0.003703,3.066903
9,48,Bi-Co-Sb-O,"{'Sb': 0.47173, 'Bi': 0.38116, 'Co': 0.14711}",0,1.255825,0.992432,0.04356,0.386413,3.066903
9,49,Mn-Nb-Sb-O,"{""Mn"": 0.4201992160075327, ""Nb"": 0.0, ""Sb"": 0.5798007839924673}",0,1.196496,1.047052,0.193746,0.033053,3.066903
9,50,Ni-Pd-Ta-O,"{""Ni"": 0.17250256341319753, ""Pd"": 0.7453462175669912, ""Ta"": 0.08215121901981129}",550,0.736749,0.553072,0.056789,0.029141,3.066903
10,1,Co-In-Si-O,"{""Co"": 0.4169115551184158, ""In"": 0.5830884448815842}",0,3.160266,1.107384,0.00496,0.113286,1.74329
10,2,Ag-Ni-Sb-O,"{'Sb': 0.01763, 'Ni': 0.17502, 'Ag': 0.80735}",0,2.787792,0.934167,0.064309,1.277797,1.74329
10,3,Bi-Ni-Zr-O,"{""Bi"": 0.799487266475573, ""Ni"": 0.16984006981189786, ""Zr"": 0.030672663712529222}",550,2.263951,1.718231,0.19276,0.026602,1.74329
10,4,Ag-Ni-Sb-O,"{'Sb': 0.00371, 'Ag': 0.82426, 'Ni': 0.17203}",550,2.729303,5.478394,0.363497,1.011823,1.74329
10,5,Co-Ni-Ta-O,"{""Co"": 0.28278907660766045, ""Ni"": 0.18636657971063122, ""Ta"": 0.5308443436817083}",550,2.679427,1.199792,0.20493,0.011212,1.74329
10,6,Mn-Ni-Pd-O,"{""Mn"": 0.04260347552650108, ""Ni"": 0.17298846507715393, ""Pd"": 0.7844080593963451}",550,2.872423,0.606701,0.107679,0.057486,2.455901
10,7,Ag-Nb-Ni-O,"{""Ag"": 0.3394320950591408, ""Nb"": 0.5338607924508958, ""Ni"": 0.12670711248996333}",0,1.964366,0.955376,0.024492,0.609831,2.455901
10,8,Ni-Sb-W-O,"{""Ni"": 0.18677572652769497, ""Sb"": 0.3300330720595656, ""W"": 0.4831912014127395}",550,2.746746,1.192292,0.327833,0.010524,2.455901
10,9,Co-Ni-Pd-O,"{""Co"": 0.333282453406405, ""Ni"": 0.1772458899500927, ""Pd"": 0.4894716566435023}",0,1.294376,0.668617,0.122121,0.144135,2.455901
10,10,Mn-Nb-Sb-O,"{""Mn"": 0.4571303249755999, ""Nb"": 0.5372933543813965, ""Sb"": 0.005576320643003576}",550,1.695272,1.079744,0.053714,0.100406,2.455901
10,11,Ni-Sb-W-O,"{""Ni"": 0.19066027048739406, ""Sb"": 0.8093397295126059, ""W"": 0.0}",0,1.360197,0.943998,0.109786,0.397365,2.455901
10,12,Nb-Ni-Ta-O,"{""Nb"": 0.5392618774230442, ""Ni"": 0.3636946619241437, ""Ta"": 0.09704346065281207}",550,1.492432,2.687193,0.011011,0.022534,2.455901
10,13,Fe-In-Ni-O,"{""Fe"": 0.25174255451010236, ""In"": 0.5751397247339671, ""Ni"": 0.17311772075593046}",600,1.39716,0.975379,0.04287,0.361937,2.455901
10,14,Co-Nb-Zr-O,"{""Co"": 0.41243857811462126, ""Nb"": 0.4920114181691707, ""Zr"": 0.09555000371620806}",550,1.81919,1.323499,0.062422,0.039128,2.455901
10,15,Ag-Ni-Sb-O,"{'Ni': 0.18849, 'Sb': 0.23297, 'Ag': 0.57854}",550,1.619051,0.866715,0.91712,0.592098,2.455901
10,16,Al-Ni-Ti-O,"{'Ni': 0.17741, 'Al': 0.50466, 'Ti': 0.31793}",700,1.428337,1.118346,0.056984,0.006145,2.455901
10,17,Ag-Ge-Hf-O,"{""Ag"": 0.7546291106754801, ""Ge"": 0.13617922887854522, ""Hf"": 0.10919166044597475}",550,2.17737,1.023496,0.881014,0.373846,2.455901
10,18,Fe-Sb-W-O,"{""Fe"": 0.9874942024696037, ""Sb"": 0.012505797530396318, ""W"": 0.0}",550,1.234784,0.795496,0.244446,0.049161,2.455901
10,19,Ag-Nb-Ni-O,"{""Ag"": 0.8118962085566067, ""Nb"": 0.0, ""Ni"": 0.18810379144339326}",550,1.743201,1.140515,0.919778,0.977292,2.455901
10,20,Ag-Ni-Sb-O,"{'Sb': 0.01343, 'Ag': 0.97371, 'Ni': 0.01286}",550,3.336025,1.501964,0.979135,2.07753,2.455901
10,21,Ag-Nb-Ni-O,"{""Ag"": 0.8744230393761167, ""Nb"": 0.09573128213571243, ""Ni"": 0.029845678488170865}",550,2.908908,0.905288,1.261582,0.957935,2.455901
10,22,Ni-Pd-Ta-O,"{""Ni"": 0.17250256341319753, ""Pd"": 0.7453462175669912, ""Ta"": 0.08215121901981129}",550,1.150343,0.553072,0.049779,0.029141,2.792671
10,23,Ag-Nb-Ni-O,"{""Ag"": 0.273455113443174, ""Nb"": 0.49978854071497336, ""Ni"": 0.2267563458418527}",550,1.822778,0.905862,0.374294,0.069315,2.792671
10,24,Ag-Ni-Sb-O,"{'Sb': 0.07296, 'Ni': 0.03392, 'Ag': 0.89312}",0,2.149259,0.899945,1.306481,1.34525,2.792671
10,25,Ag-Pb-W-O,"{'Ag': 0.82658, 'Pb': 0.07894, 'W': 0.09448}",0,2.217039,0.735488,1.40037,5.27383,2.792671
10,26,Fe-Sb-W-O,"{""Fe"": 0.8215729162128268, ""Sb"": 0.004602128377021712, ""W"": 0.17382495541015155}",550,1.319356,1.029806,0.57324,0.01267,2.792671
10,27,Ag-Ge-Hf-O,"{""Ag"": 0.8494260384838643, ""Ge"": 0.09715143683692376, ""Hf"": 0.05342252467921191}",550,1.444246,0.794372,1.458532,0.461947,2.792671
10,28,Ni-Sb-W-O,"{""Ni"": 0.04448489883087148, ""Sb"": 0.001929402341715319, ""W"": 0.9535856988274132}",0,1.525155,7.795971,0.323811,2.971309,2.792671
10,29,Co-Mn-W-O,"{'Co': 0.2451640640669427, 'W': 0.7005958744307521, 'Mn': 0.0542400615023051}",0,2.473519,1.199338,0.953817,4.186835,2.792671
10,30,Ag-Ni-Sb-O,"{'Sb': 0.00191, 'Ag': 0.96645, 'Ni': 0.03165}",550,2.117656,1.500271,1.378242,2.789738,2.792671
10,31,Fe-Sb-W-O,"{""Fe"": 0.2769011612338624, ""Sb"": 0.0, ""W"": 0.7230988387661377}",550,2.334082,1.402309,2.965644,0.033851,2.792671
10,32,Co-Mn-W-O,"{'Co': 0.18051, 'W': 0.7774, 'Mn': 0.04209}",550,1.770008,0.988823,1.863875,0.232374,2.792671
10,33,Co-Mn-W-O,"{'Co': 0.1097, 'W': 0.86261, 'Mn': 0.02769}",550,2.107738,1.038162,0.790154,0.214054,2.792671
10,34,Fe-Sb-W-O,"{""Fe"": 0.10812047158518415, ""Sb"": 0.010708048010886609, ""W"": 0.8811714804039292}",550,2.232634,0.980521,0.452097,0.019577,2.792671
10,35,Ni-Sb-W-O,"{""Ni"": 0.046552222645891324, ""Sb"": 0.04107872859788947, ""W"": 0.9123690487562192}",550,2.698498,1.009526,0.529596,0.078867,2.792671
10,36,Fe-Sb-W-O,"{""Fe"": 0.06414771736933099, ""Sb"": 0.004726713927963198, ""W"": 0.9311255687027058}",550,2.612472,10.664318,0.416196,-0.028342,2.792671
10,37,Fe-Sb-W-O,"{'Sb': 0.006458961366988495, 'W': 0.9062709274177916, 'Fe': 0.08727011121521992}",0,3.200001,0.958612,1.114612,0.027177,2.792671
10,38,Ni-Sb-W-O,"{""Ni"": 0.07436161107695985, ""Sb"": 0.007726371287095884, ""W"": 0.9179120176359442}",550,2.115283,10.476512,0.067303,0.030603,2.792671
10,39,Ni-Sb-W-O,"{""Ni"": 0.07932733395342237, ""Sb"": 0.00767743895960784, ""W"": 0.9129952270869698}",550,3.442235,5.784752,0.03606,0.074432,2.792671
10,40,Co-Mn-W-O,"{'Co': 0.05807823681989232, 'W': 0.8976125296043421, 'Mn': 0.04430923357576556}",550,1.617057,1.001365,0.40888,0.118525,2.792671
10,41,Ag-Ni-Sb-O,"{'Sb': 0.00727, 'Ag': 0.87451, 'Ni': 0.11821}",550,2.478307,5.483217,1.128993,1.332431,2.792671
10,42,Fe-Sb-W-O,"{'Sb': 0.00695, 'W': 0.90214, 'Fe': 0.09091}",0,1.122668,0.926233,0.406909,2.363817,2.792671
10,43,Ag-Nb-Ni-O,"{""Ag"": 0.8414292084822211, ""Nb"": 0.06957197359619385, ""Ni"": 0.08899881792158505}",550,2.343141,1.095892,0.956415,0.873013,2.792671
10,44,Ag-Ge-Hf-O,"{""Ag"": 0.8979529094921762, ""Ge"": 0.0522122657089524, ""Hf"": 0.04983482479887142}",0,1.550148,0.877815,1.400056,0.820106,2.792671
10,45,Ag-Ge-Hf-O,"{""Ag"": 0.8817307985679647, ""Ge"": 0.0688672848379044, ""Hf"": 0.04940191659413093}",550,1.68647,0.852746,1.078826,0.587534,2.792671
10,46,Ag-Ni-Sb-O,"{'Sb': 0.00321, 'Ni': 0.08877, 'Ag': 0.90803}",0,2.820193,0.943786,1.018265,1.704336,2.792671
10,47,Ni-Sb-W-O,"{""Ni"": 0.10737522560371511, ""Sb"": 0.0055771943970953355, ""W"": 0.8870475799991896}",550,1.276374,1.21919,0.030946,0.030816,2.792671
10,48,Co-Nb-Zr-O,"{""Co"": 0.33412948471187787, ""Nb"": 0.5053194343848834, ""Zr"": 0.16055108090323886}",550,1.440531,1.268756,0.049768,0.00311,2.792671
10,49,Ag-Nb-Ni-O,"{""Ag"": 0.8623499636577189, ""Nb"": 0.04172184056655632, ""Ni"": 0.09592819577572473}",550,1.442721,1.266063,0.949967,0.971529,2.792671
10,50,Fe-Sb-W-O,"{""Fe"": 0.1632301339884399, ""Sb"": 0.003950263601015167, ""W"": 0.8328196024105449}",550,1.440527,1.276302,0.143761,0.009644,2.792671
